iso3,iso2,iso.numeric,year,country,WHO_Region,New_Relationship_Male,New_Relationship_Female,New_Relationship_HIV_Positive,New_Incidence,Cumulative_New_Incidence,New_Relationship_ART,HIV_Test_Positive_Female,HIV_Test_Positive_Patient,New_Sputum_Positive,New_Sputum_Negative,New_Suspected,New_Epidemic,New_Bacillus_Calmette_Guerin,SDG_3.8.1,country(outcomes)age,year,age_group,sex,Successful treatment outcome,Number of treatment failures,Number of deaths,Number of cases lost to follow-up,Treatment success rate (percentage),country(Uniqu),New TB diagnoses in the private sector,New TB diagnoses in the public sector
ABW,AW,533,2020,Aruba,AMR,1,0,0,0.938218323,1,0,2174.82619,2444.735223,9892.835599,8266.792416,1232.319081,0,2248.469697,39,Albania,2019,0-14,a,11,0,0,0,100,Afghanistan,430,840
AFG,AF,4,2014,Afghanistan,EMR,9137,14173,2406.787414,97.03446701,31746,2249.364557,2174.82619,4,9892.835599,8266.792416,1232.319081,7227,2248.469697,39,Albania,2020,0-14,a,3,0,0,0,100,Albania,819,825
AFG,AF,4,2020,Afghanistan,EMR,19628,26190,5,117.5657641,45818,5,2174.82619,2444.735223,9892.835599,8266.792416,1232.319081,11401,2248.469697,39,Albania,2021,0-14,a,8,0,0,0,100,Algeria,2128,1362
AGO,AO,24,2014,Angola,AFR,12883,9163,2406.787414,197.4024431,53552,2249.364557,2174.82619,2827,9892.835599,8266.792416,1232.319081,3562,2248.469697,39,American Samoa,2019,0-14,a,0,195.5988701,1488.10452,1404.882022,84.00550459,Angola,2972,2753
AGO,AO,24,2020,Angola,AFR,35768,27070,5246,188.9017648,63147,3530,2174.82619,2444.735223,9892.835599,8266.792416,1232.319081,3857,2248.469697,39,Andorra,2019,0-14,a,21411.96934,195.5988701,1488.10452,1404.882022,84.00550459,Argentina,2826,366
AIA,AI,660,2014,Anguilla,AMR,0,1,2406.787414,7.082152975,1,2249.364557,2174.82619,1,9892.835599,8266.792416,1232.319081,0,2248.469697,39,Andorra,2020,0-14,a,21411.96934,195.5988701,1488.10452,1404.882022,84.00550459,Armenia,771,1523
AIA,AI,660,2020,Anguilla,AMR,18602.28805,11396.87288,2406.787414,69.03508694,22460.99128,2249.364557,2174.82619,2444.735223,9892.835599,8266.792416,1232.319081,3528.210565,2248.469697,39,Antigua and Barbuda,2019,0-14,a,0,0,0,0,84.00550459,Aruba,1175,10644
ALB,AL,8,2014,Albania,EUR,270,138,2406.787414,14.1465177,408,2249.364557,2174.82619,2,9892.835599,8266.792416,1232.319081,145,2248.469697,39,Antigua and Barbuda,2020,0-14,a,0,0,0,0,84.00550459,Australia,2410,0
ALB,AL,8,2020,Albania,EUR,179,61,2,8.371560553,240,2,2174.82619,2444.735223,9892.835599,8266.792416,1232.319081,38,2248.469697,39,Antigua and Barbuda,2021,0-14,a,0,0,0,0,84.00550459,Austria,3715,2044
AND,AD,20,2014,Andorra,EUR,18602.28805,11396.87288,2406.787414,8.3774312,6,2249.364557,2174.82619,0,9892.835599,8266.792416,1232.319081,2,2248.469697,39,Argentina,2019,0-14,a,362,2,5,46,51,Azerbaijan,4276,2044
AND,AD,20,2020,Andorra,EUR,18602.28805,11396.87288,0,2.574002574,2,0,2174.82619,2444.735223,9892.835599,8266.792416,1232.319081,1,2248.469697,39,Argentina,2020,0-14,a,425,0,11,53,58,Bahamas,4843,300
ARE,AE,784,2014,United Arab Emirates,EMR,33,27,2406.787414,0.679044055,60,2249.364557,2174.82619,2,9892.835599,8266.792416,1232.319081,16,2248.469697,39,Argentina,2021,0-14,a,456,0,9,55,57,Bahrain,6007,456
ARE,AE,784,2020,United Arab Emirates,EMR,43,16,3,0.667579097,62,3,2174.82619,2444.735223,9892.835599,8266.792416,1232.319081,29,2248.469697,39,Armenia,2019,0-14,a,26,0,0,3,90,Bangladesh,5886,5886
ARG,AR,32,2014,Argentina,AMR,5259,3864,2406.787414,21.47157763,9195,2249.364557,2174.82619,447,9892.835599,8266.792416,1232.319081,1255,2248.469697,39,Armenia,2020,0-14,a,20,0,1,0,95,Belarus,3829,11847
ARG,AR,32,2020,Argentina,AMR,5536,3764,474,20.69898165,9322,467,2174.82619,2444.735223,9892.835599,8266.792416,1232.319081,1067,2248.469697,39,Armenia,2021,0-14,a,18,0,0,0,100,Belgium,4379,9610
ARM,AM,51,2014,Armenia,EUR,1012,317,2406.787414,45.98727305,1329,2249.364557,2174.82619,84,9892.835599,8266.792416,1232.319081,249,2248.469697,39,Australia,2019,0-14,a,30,195.5988701,1488.10452,1404.882022,79,Belize,1673,142
ARM,AM,51,2020,Armenia,EUR,299,95,39,14.04330184,394,2249.364557,2174.82619,2444.735223,9892.835599,8266.792416,1232.319081,106,2248.469697,39,Australia,2020,0-14,a,29,195.5988701,1488.10452,1404.882022,94,Benin,2601,411
ASM,AS,16,2014,American Samoa,WPR,18602.28805,11396.87288,2406.787414,69.03508694,22460.99128,2249.364557,2174.82619,2444.735223,9892.835599,8266.792416,1232.319081,3528.210565,2248.469697,39,Australia,2021,0-14,a,29,195.5988701,1488.10452,1404.882022,97,Bermuda,2713,0
ASM,AS,16,2020,American Samoa,WPR,1,2,0,6.495052935,3,0,2174.82619,2444.735223,9892.835599,8266.792416,1232.319081,0,2248.469697,39,Austria,2019,0-14,a,19,0,0,0,86,Bhutan,2146,215
ATG,AG,28,2014,Antigua and Barbuda,AMR,0,3,2406.787414,3.36187189,3,2249.364557,2174.82619,1,9892.835599,8266.792416,1232.319081,0,2248.469697,39,Austria,2020,0-14,a,10,0,1,0,83,Bolivia (Plurinational State of),2361,58699
ATG,AG,28,2020,Antigua and Barbuda,AMR,2,0,0,2.158335492,2,0,2174.82619,2444.735223,9892.835599,8266.792416,1232.319081,0,2248.469697,39,Austria,2021,0-14,a,9,0,0,1,69,Bosnia and Herzegovina,1723,1449
AUS,AU,36,2014,Australia,WPR,707,623,2406.787414,5.666910344,1330,2249.364557,2174.82619,17,9892.835599,8266.792416,1232.319081,474,2248.469697,39,Bahamas,2019,0-14,a,6,0,0,0,100,Botswana,5926,694
AUS,AU,36,2020,Australia,WPR,853,758,19,6.275795868,1611,2249.364557,2174.82619,2444.735223,9892.835599,8266.792416,1232.319081,609,2248.469697,39,Bahamas,2020,0-14,a,21411.96934,195.5988701,1488.10452,1404.882022,84.00550459,Brazil,8279,803
AUT,AT,40,2014,Austria,EUR,365,198,2406.787414,6.599527783,564,2249.364557,2174.82619,2444.735223,9892.835599,8266.792416,1232.319081,104,2248.469697,39,Bahamas,2021,0-14,a,2,0,0,0,100,Brunei Darussalam,1886,560
AUT,AT,40,2020,Austria,EUR,250,132,2406.787414,4.288387552,382,2249.364557,2174.82619,2444.735223,9892.835599,8266.792416,1232.319081,92,2248.469697,39,Bahrain,2019,0-14,a,2,195.5988701,1488.10452,1404.882022,67,Bulgaria,17844,2567
AZE,AZ,31,2014,Azerbaijan,EUR,3226,1163,2406.787414,59.41358342,5788,2249.364557,2174.82619,148,9892.835599,8266.792416,1232.319081,829,2248.469697,39,Bahrain,2020,0-14,a,0,195.5988701,1488.10452,1404.882022,84.00550459,Burkina Faso,17433,2235
AZE,AZ,31,2020,Azerbaijan,EUR,1656,902,83,35.80960182,3683,77,2174.82619,2444.735223,9892.835599,8266.792416,1232.319081,604,2248.469697,39,Bahrain,2021,0-14,a,1,195.5988701,1488.10452,1404.882022,100,Burundi,14934,2429
BDI,BI,108,2014,Burundi,AFR,4524,2496,2406.787414,68.85240497,7226,2249.364557,2174.82619,901,9892.835599,8266.792416,1232.319081,2102,2248.469697,39,Bangladesh,2019,0-14,a,11882,195.5988701,1488.10452,1404.882022,97,Cabo Verde,20719,2427
BDI,BI,108,2020,Burundi,AFR,4839,2266,568,58.14130949,7105,566,2174.82619,2444.735223,9892.835599,8266.792416,1232.319081,1607,2248.469697,39,Bangladesh,2020,0-14,a,9129,195.5988701,1488.10452,1404.882022,98,Cambodia,22960,2419
BEL,BE,56,2014,Belgium,EUR,567,319,2406.787414,7.927189392,886,2249.364557,2174.82619,38,9892.835599,8266.792416,1232.319081,258,2248.469697,39,Bangladesh,2021,0-14,a,10121,195.5988701,1488.10452,1404.882022,97,Cameroon,60879,40156
BEL,BE,56,2020,Belgium,EUR,508,270,31,6.729104336,778,2249.364557,2174.82619,2444.735223,9892.835599,8266.792416,1232.319081,239,2248.469697,39,Barbados,2019,0-14,a,0,0,0,0,84.00550459,Canada,61410,41450
BEN,BJ,204,2014,Benin,AFR,1976,1103,2406.787414,36.60911079,3886,2249.364557,2174.82619,2444.735223,9892.835599,8266.792416,1232.319081,359,2248.469697,39,Belarus,2019,0-14,a,8,0,0,0,100,Central African Republic,61537,43228
BEN,BJ,204,2020,Benin,AFR,2605,1303,546,30.91008448,3908,524,2174.82619,2444.735223,9892.835599,8266.792416,1232.319081,308,2248.469697,39,Belarus,2020,0-14,a,3,0,0,0,100,Chad,68314,49274
BFA,BF,854,2014,Burkina Faso,AFR,2617,1105,2406.787414,30.52310526,5546,2249.364557,2174.82619,656,9892.835599,8266.792416,1232.319081,683,2248.469697,39,Belarus,2021,0-14,a,5,0,0,0,100,Chile,72937,55761
BFA,BF,854,2020,Burkina Faso,AFR,4164,1516,423,26.44194068,5691,360,2174.82619,2444.735223,9892.835599,8266.792416,1232.319081,839,2248.469697,39,Belgium,2019,0-14,a,45,0,0,1,94,China,55102,
BGD,BD,50,2014,Bangladesh,SEA,113089,73916,2406.787414,122.5727159,191166,2249.364557,2174.82619,45,9892.835599,8266.792416,1232.319081,37406,2248.469697,39,Belgium,2020,0-14,a,39,0,0,0,81,"China, Hong Kong SAR",71027,69694
BGD,BD,50,2020,Bangladesh,SEA,127786,102292,84,137.4266474,230081,82,2174.82619,2444.735223,9892.835599,8266.792416,1232.319081,42244,2248.469697,39,Belgium,2021,0-14,a,34,0,0,2,85,"China, Macao SAR",67583,67598
BGR,BG,100,2014,Bulgaria,EUR,1242,583,2406.787414,24.7553594,1825,2249.364557,2174.82619,3,9892.835599,8266.792416,1232.319081,481,2248.469697,39,Belize,2019,0-14,a,0,0,0,0,84.00550459,Colombia,851,315
BGR,BG,100,2020,Bulgaria,EUR,576,311,1,12.70923856,887,1,2174.82619,2444.735223,9892.835599,8266.792416,1232.319081,175,2248.469697,39,Belize,2020,0-14,a,1,0,0,1,50,Comoros,706,15
BHR,BH,48,2014,Bahrain,EMR,18602.28805,11396.87288,2406.787414,69.03508694,22460.99128,2249.364557,2174.82619,2444.735223,9892.835599,8266.792416,1232.319081,3528.210565,2248.469697,39,Belize,2021,0-14,a,2,0,0,0,100,Congo,763,191
BHR,BH,48,2020,Bahrain,EMR,127,66,6,13.06287983,193,3,2174.82619,2444.735223,9892.835599,8266.792416,1232.319081,83,2248.469697,39,Benin,2019,0-14,a,212,195.5988701,1488.10452,1404.882022,91,Costa Rica,660,316
BHS,BS,44,2014,Bahamas,AMR,26,24,2406.787414,12.84914335,50,2249.364557,2174.82619,10,9892.835599,8266.792416,1232.319081,1,2248.469697,39,Benin,2020,0-14,a,195,195.5988701,1488.10452,1404.882022,91,Côte d'Ivoire,465,229
BHS,BS,44,2020,Bahamas,AMR,20,11,6,7.626620349,31,5,2174.82619,2444.735223,9892.835599,8266.792416,1232.319081,1,2248.469697,39,Benin,2021,0-14,a,120,195.5988701,1488.10452,1404.882022,90,Croatia,71027,191
BIH,BA,70,2014,Bosnia and Herzegovina,EUR,704,492,2406.787414,33.49138129,1196,2249.364557,2174.82619,2444.735223,9892.835599,8266.792416,1232.319081,147,2248.469697,39,Bermuda,2019,0-14,a,0,0,0,0,84.00550459,Cuba,67583,191
BIH,BA,70,2020,Bosnia and Herzegovina,EUR,221,136,2406.787414,10.75817403,357,2249.364557,2174.82619,2444.735223,9892.835599,8266.792416,1232.319081,38,2248.469697,39,Bermuda,2020,0-14,a,0,0,0,0,84.00550459,Cyprus,851,461
BLR,BY,112,2014,Belarus,EUR,2812,1046,2406.787414,39.79888462,3858,2249.364557,2174.82619,271,9892.835599,8266.792416,1232.319081,310,2248.469697,39,Bermuda,2021,0-14,a,0,0,0,0,84.00550459,Czechia,706,120
BLR,BY,112,2020,Belarus,EUR,1122,392,135,15.71559955,1514,124,2174.82619,2444.735223,9892.835599,8266.792416,1232.319081,87,2248.469697,39,Bhutan,2019,0-14,a,27,195.5988701,1488.10452,1404.882022,100,Democratic People's Republic of Korea,763,107
BLZ,BZ,84,2014,Belize,AMR,47,25,2406.787414,20.43509728,72,2249.364557,2174.82619,25,9892.835599,8266.792416,1232.319081,8,2248.469697,39,Bhutan,2020,0-14,a,26,195.5988701,1488.10452,1404.882022,84,Democratic Republic of the Congo,660,191
BLZ,BZ,84,2020,Belize,AMR,46,32,17,19.7507856,78,17,2174.82619,2444.735223,9892.835599,8266.792416,1232.319081,2,2248.469697,39,Bhutan,2021,0-14,a,16,195.5988701,1488.10452,1404.882022,100,Denmark,465,191
BMU,BM,60,2014,Bermuda,AMR,0,0,2406.787414,0,0,2249.364557,2174.82619,0,9892.835599,8266.792416,1232.319081,0,2248.469697,39,Bosnia and Herzegovina,2019,0-14,a,0,0,0,0,0,Djibouti,,0
BMU,BM,60,2020,Bermuda,AMR,2,1,1,4.685230591,3,1,2174.82619,2444.735223,9892.835599,8266.792416,1232.319081,0,2248.469697,39,Bosnia and Herzegovina,2020,0-14,a,21411.96934,195.5988701,1488.10452,1404.882022,0,Dominican Republic,114290,191
BOL,BO,68,2014,Bolivia (Plurinational State of),AMR,4618,2949,2406.787414,74.00393533,8079,2249.364557,2174.82619,262,9892.835599,8266.792416,1232.319081,1642,2248.469697,39,Bosnia and Herzegovina,2021,0-14,a,21411.96934,195.5988701,1488.10452,1404.882022,0,Ecuador,,0
BOL,BO,68,2020,Bolivia (Plurinational State of),AMR,3795,2212,283,50.32605958,6007,2249.364557,2174.82619,2444.735223,9892.835599,8266.792416,1232.319081,1172,2248.469697,39,Botswana,2019,0-14,a,206,195.5988701,1488.10452,1404.882022,36,Egypt,315,1797
BRA,BR,76,2014,Brazil,AMR,51248,24698,2406.787414,37.33565845,75963,2249.364557,2174.82619,9636,9892.835599,8266.792416,1232.319081,9504,2248.469697,39,Botswana,2020,0-14,a,212,195.5988701,1488.10452,1404.882022,84,El Salvador,235,1999
BRA,BR,76,2020,Brazil,AMR,52483,22898,6648,35.37631684,75421,3532,2174.82619,2444.735223,9892.835599,8266.792416,1232.319081,8961,2248.469697,39,Botswana,2021,0-14,a,133,195.5988701,1488.10452,1404.882022,84,Equatorial Guinea,213,1993
BRB,BB,52,2014,Barbados,AMR,3,2,2406.787414,1.801847254,5,2249.364557,2174.82619,2,9892.835599,8266.792416,1232.319081,1,2248.469697,39,Brazil,2019,0-14,a,1964,0,75,209,74,Eritrea,213,2000
BRB,BB,52,2020,Barbados,AMR,18602.28805,11396.87288,0,2.137566665,6,0,2174.82619,2444.735223,9892.835599,8266.792416,1232.319081,0,2248.469697,39,Brazil,2020,0-14,a,1357,0,72,155,71,Estonia,248,1375
BRN,BN,96,2014,Brunei Darussalam,WPR,120,78,2406.787414,47.52121654,198,2249.364557,2174.82619,0,9892.835599,8266.792416,1232.319081,35,2248.469697,39,Brazil,2021,0-14,a,1500,1,69,213,68,Eswatini,248,1375
BRN,BN,96,2020,Brunei Darussalam,WPR,196,118,5,71.08495104,314,5,2174.82619,2444.735223,9892.835599,8266.792416,1232.319081,56,2248.469697,39,Brunei Darussalam,2019,0-14,a,6,195.5988701,1488.10452,1404.882022,100,Ethiopia,158,1451
BTN,BT,64,2014,Bhutan,SEA,535,531,2406.787414,144.7667368,1066,2249.364557,2174.82619,7,9892.835599,8266.792416,1232.319081,466,2248.469697,39,Brunei Darussalam,2020,0-14,a,1,195.5988701,1488.10452,1404.882022,100,Fiji,158,1451
BTN,BT,64,2020,Bhutan,SEA,442,469,6,117.9278866,911,6,2174.82619,2444.735223,9892.835599,8266.792416,1232.319081,338,2248.469697,39,Bulgaria,2019,0-14,a,47,0,1,3,87,Finland,158,1451
BWA,BW,72,2014,Botswana,AFR,3490,2527,2406.787414,266.2831317,6019,2249.364557,2174.82619,3280,9892.835599,8266.792416,1232.319081,1008,2248.469697,39,Bulgaria,2021,0-14,a,13,0,0,4,72,France,158,1451
BWA,BW,72,2020,Botswana,AFR,1330,899,923,97.549405,2484,904,2174.82619,2444.735223,9892.835599,8266.792416,1232.319081,403,2248.469697,39,Burundi,2019,0-14,a,310,195.5988701,1488.10452,1404.882022,96,Gabon,0,191
CAF,CF,140,2014,Central African Republic,AFR,2736,2149,2406.787414,212.264318,10186,2249.364557,2174.82619,1781,9892.835599,8266.792416,1232.319081,1685,2248.469697,39,Burundi,2020,0-14,a,277,195.5988701,1488.10452,1404.882022,96,Gambia,106,359
CAF,CF,140,2020,Central African Republic,AFR,7136,5399,3087,236.0088489,12610,2869,2174.82619,2444.735223,9892.835599,8266.792416,1232.319081,2560,2248.469697,39,Burundi,2021,0-14,a,280,195.5988701,1488.10452,1404.882022,97,Georgia,0,1207
CAN,CA,124,2014,Canada,AMR,884,684,2406.787414,4.428802036,1568,2249.364557,2174.82619,64,9892.835599,8266.792416,1232.319081,423,2248.469697,39,Cabo Verde,2019,0-14,a,4,195.5988701,1488.10452,1404.882022,100,Germany,146,2157
CAN,CA,124,2020,Canada,AMR,965,798,45,4.65838038,1765,2249.364557,2174.82619,2444.735223,9892.835599,8266.792416,1232.319081,697,2248.469697,39,Cabo Verde,2020,0-14,a,6,195.5988701,1488.10452,1404.882022,100,Ghana,16,9
CHE,CH,756,2014,Switzerland,EUR,266,157,2406.787414,5.166228596,423,2249.364557,2174.82619,2444.735223,9892.835599,8266.792416,1232.319081,121,2248.469697,39,Cabo Verde,2021,0-14,a,2,195.5988701,1488.10452,1404.882022,100,Greece,841,1489
CHE,CH,756,2020,Switzerland,EUR,199,152,2406.787414,4.063152268,351,2249.364557,2174.82619,2444.735223,9892.835599,8266.792416,1232.319081,91,2248.469697,39,Cameroon,2019,0-14,a,1100,195.5988701,1488.10452,1404.882022,87,Guatemala,632,1882
CHL,CL,152,2014,Chile,AMR,1522,845,2406.787414,13.47309012,2383,2249.364557,2174.82619,213,9892.835599,8266.792416,1232.319081,467,2248.469697,39,Cameroon,2020,0-14,a,1087,195.5988701,1488.10452,1404.882022,89,Guinea,191,206
CHL,CL,152,2020,Chile,AMR,1510,910,214,12.53865546,2420,2249.364557,2174.82619,2444.735223,9892.835599,8266.792416,1232.319081,530,2248.469697,39,Cameroon,2021,0-14,a,1196,195.5988701,1488.10452,1404.882022,87,Guinea-Bissau,191,312
CHN,CN,156,2014,China,WPR,568518,250765,2406.787414,59.14590752,819283,2249.364557,2174.82619,5309,9892.835599,8266.792416,1232.319081,32348,2248.469697,39,Canada,2019,0-14,a,100,0,1,1,88,Guyana,1064,367
CHN,CN,156,2020,China,WPR,426589,198126,6076,43.84180949,624715,5287,2174.82619,2444.735223,9892.835599,8266.792416,1232.319081,33473,2248.469697,39,Cayman Islands,2019,0-14,a,0,0,0,0,84.00550459,Haiti,903,323
CIV,CI,384,2014,CÃ´te d'Ivoire,AFR,8896,5337,2406.787414,101.2152131,23275,2249.364557,2174.82619,5292,9892.835599,8266.792416,1232.319081,5243,2248.469697,39,Cayman Islands,2021,0-14,a,0,0,0,0,84.00550459,Honduras,965,375
CIV,CI,384,2020,CÃ´te d'Ivoire,AFR,12805,6912,2856,73.53854405,19717,2758,2174.82619,2444.735223,9892.835599,8266.792416,1232.319081,3833,2248.469697,39,Central African Republic,2019,0-14,a,924,195.5988701,1488.10452,1404.882022,80,Hungary,926,1950
CMR,CM,120,2014,Cameroon,AFR,18602.28805,11396.87288,2406.787414,116.7645048,26038,2249.364557,2174.82619,8565,9892.835599,8266.792416,1232.319081,4060,2248.469697,39,Central African Republic,2020,0-14,a,1141,195.5988701,1488.10452,1404.882022,70,Iceland,773,191
CMR,CM,120,2020,Cameroon,AFR,13733,8369,5015,83.43183502,22102,4909,2174.82619,2444.735223,9892.835599,8266.792416,1232.319081,3381,2248.469697,39,Central African Republic,2021,0-14,a,1248,195.5988701,1488.10452,1404.882022,74,India,696,1238
COD,CD,180,2014,Democratic Republic of the Congo,AFR,42735,32604,2406.787414,152.2905301,115795,2249.364557,2174.82619,7206,9892.835599,8266.792416,1232.319081,19566,2248.469697,39,Chad,2019,0-14,a,1007,195.5988701,1488.10452,1404.882022,97,Indonesia,98,940
COD,CD,180,2020,Democratic Republic of the Congo,AFR,113232,87324,12041,216.4223505,200955,10568,2174.82619,2444.735223,9892.835599,8266.792416,1232.319081,33066,2248.469697,39,Chad,2020,0-14,a,777,195.5988701,1488.10452,1404.882022,84,Iran (Islamic Republic of),15052,191
COG,CG,178,2014,Congo,AFR,2343,1533,2406.787414,202.573945,10017,2249.364557,2174.82619,386,9892.835599,8266.792416,1232.319081,2466,2248.469697,39,Chad,2021,0-14,a,742,195.5988701,1488.10452,1404.882022,83,Iraq,17133,310902
COG,CG,178,2020,Congo,AFR,6342,4833,833,195.9778849,11175,491,2174.82619,2444.735223,9892.835599,8266.792416,1232.319081,2781,2248.469697,39,Chile,2019,0-14,a,42,0,1,7,78,Ireland,18455,10021
COK,CK,184,2014,Cook Islands,WPR,2,0,2406.787414,11.22586439,2,2249.364557,2174.82619,0,9892.835599,8266.792416,1232.319081,0,2248.469697,39,Chile,2020,0-14,a,53,0,1,2,87,Israel,16876,13572
COK,CK,184,2020,Cook Islands,WPR,0,0,0,5.872335428,1,0,2174.82619,2444.735223,9892.835599,8266.792416,1232.319081,0,2248.469697,39,Chile,2021,0-14,a,77,0,1,5,89,Italy,15195,199564
COL,CO,170,2014,Colombia,AMR,7354,4521,2406.787414,24.93040236,11637,2249.364557,2174.82619,1481,9892.835599,8266.792416,1232.319081,2317,2248.469697,39,China,2019,0-14,a,6221,195.5988701,1488.10452,1404.882022,93,Jamaica,12372,189857
COL,CO,170,2020,Colombia,AMR,7893,4195,1539,23.7342291,12088,847,2174.82619,2444.735223,9892.835599,8266.792416,1232.319081,1924,2248.469697,39,China,2020,0-14,a,6583,195.5988701,1488.10452,1404.882022,96,Japan,12120,284636
COM,KM,174,2014,Comoros,AFR,18602.28805,11396.87288,2406.787414,20.71053943,148,2249.364557,2174.82619,1,9892.835599,8266.792416,1232.319081,32,2248.469697,39,China,2021,0-14,a,6545,195.5988701,1488.10452,1404.882022,96,Jordan,12602,231765
COM,KM,174,2020,Comoros,AFR,18602.28805,11396.87288,1,19.3508533,156,1,2174.82619,2444.735223,9892.835599,8266.792416,1232.319081,76,2248.469697,39,"China, Hong Kong SAR",2019,0-14,a,15,195.5988701,1488.10452,1404.882022,83,Kazakhstan,17225,201369
CPV,CV,132,2014,Cabo Verde,AFR,203,62,2406.787414,50.17616595,274,2249.364557,2174.82619,27,9892.835599,8266.792416,1232.319081,52,2248.469697,39,"China, Hong Kong SAR",2020,0-14,a,12,195.5988701,1488.10452,1404.882022,100,Kenya,17561,187485
CPV,CV,132,2020,Cabo Verde,AFR,139,68,27,35.52794178,207,25,2174.82619,2444.735223,9892.835599,8266.792416,1232.319081,23,2248.469697,39,"China, Hong Kong SAR",2021,0-14,a,20,195.5988701,1488.10452,1404.882022,100,Kuwait,17939,310902
CRI,CR,188,2014,Costa Rica,AMR,306,157,2406.787414,9.5576481,463,2249.364557,2174.82619,41,9892.835599,8266.792416,1232.319081,63,2248.469697,39,"China, Macao SAR",2019,0-14,a,2,195.5988701,1488.10452,1404.882022,100,Kyrgyzstan,21398,310902
CRI,CR,188,2020,Costa Rica,AMR,18602.28805,11396.87288,44,6.67563909,342,44,2174.82619,2444.735223,9892.835599,8266.792416,1232.319081,56,2248.469697,39,"China, Macao SAR",2020,0-14,a,3,195.5988701,1488.10452,1404.882022,100,Lao People's Democratic Republic,550,1482
CUB,CU,192,2014,Cuba,AMR,558,171,2406.787414,6.433095018,729,2249.364557,2174.82619,87,9892.835599,8266.792416,1232.319081,80,2248.469697,39,"China, Macao SAR",2021,0-14,a,2,195.5988701,1488.10452,1404.882022,50,Latvia,723,1058
CUB,CU,192,2020,Cuba,AMR,446,134,55,5.132426333,580,52,2174.82619,2444.735223,9892.835599,8266.792416,1232.319081,72,2248.469697,39,Colombia,2019,0-14,a,303,2,36,31,78,Lebanon,832,1107
CUW,CW,531,2014,CuraÃ§ao,AMR,4,1,2406.787414,2.975747657,5,2249.364557,2174.82619,1,9892.835599,8266.792416,1232.319081,0,2248.469697,39,Colombia,2020,0-14,a,237,2,28,18,80,Lesotho,987,1475
CUW,CW,531,2020,CuraÃ§ao,AMR,18602.28805,11396.87288,2406.787414,69.03508694,22460.99128,2249.364557,2174.82619,2444.735223,9892.835599,8266.792416,1232.319081,3528.210565,2248.469697,39,Colombia,2021,0-14,a,251,1,19,21,79,Liberia,326,679
CYM,KY,136,2014,Cayman Islands,AMR,0,0,2406.787414,0,0,2249.364557,2174.82619,0,9892.835599,8266.792416,1232.319081,0,2248.469697,39,Cook Islands,2019,0-14,a,0,195.5988701,1488.10452,1404.882022,84.00550459,Libya,268,342
CYM,KY,136,2020,Cayman Islands,AMR,2,0,0,2.971282554,2,0,2174.82619,2444.735223,9892.835599,8266.792416,1232.319081,1,2248.469697,39,Czechia,2019,0-14,a,4,0,0,0,100,Lithuania,1004,238
CYP,CY,196,2014,Cyprus,EUR,21,18,2406.787414,3.313522997,39,2249.364557,2174.82619,2444.735223,9892.835599,8266.792416,1232.319081,4,2248.469697,39,Czechia,2020,0-14,a,2,0,0,0,100,Luxembourg,1455,876
CYP,CY,196,2020,Cyprus,EUR,22,12,2406.787414,2.747392603,34,2249.364557,2174.82619,2444.735223,9892.835599,8266.792416,1232.319081,6,2248.469697,39,Czechia,2021,0-14,a,11,0,0,1,92,Madagascar,1965,759
CZE,CZ,203,2014,Czechia,EUR,326,148,2406.787414,4.506910691,474,2249.364557,2174.82619,3,9892.835599,8266.792416,1232.319081,67,2248.469697,39,Democratic Republic of the Congo,2019,0-14,a,17613,195.5988701,1488.10452,1404.882022,90,Malawi,2940,1603
CZE,CZ,203,2020,Czechia,EUR,250,110,7,3.418494034,360,2249.364557,2174.82619,2444.735223,9892.835599,8266.792416,1232.319081,43,2248.469697,39,Democratic Republic of the Congo,2020,0-14,a,20276,195.5988701,1488.10452,1404.882022,91,Malaysia,2611,310902
DEU,DE,276,2014,Germany,EUR,2732,1589,2406.787414,5.287151385,4328,2249.364557,2174.82619,2444.735223,9892.835599,8266.792416,1232.319081,1015,2248.469697,39,Democratic Republic of the Congo,2021,0-14,a,26011,195.5988701,1488.10452,1404.882022,97,Maldives,3063,1036
DEU,DE,276,2020,Germany,EUR,2580,1423,2406.787414,4.81225093,4010,2249.364557,2174.82619,2444.735223,9892.835599,8266.792416,1232.319081,1117,2248.469697,39,Denmark,2019,0-14,a,0,0,0,0,0,Mali,3096,2060
DJI,DJ,262,2014,Djibouti,EMR,694,375,2406.787414,244.8722913,2422,2249.364557,2174.82619,160,9892.835599,8266.792416,1232.319081,986,2248.469697,39,Denmark,2020,0-14,a,3,0,0,0,30,Malta,35025,310902
DJI,DJ,262,2020,Djibouti,EMR,18602.28805,11396.87288,53,156.0327146,1701,19,2174.82619,2444.735223,9892.835599,8266.792416,1232.319081,779,2248.469697,39,Denmark,2021,0-14,a,0,0,0,0,0,Mauritania,3970,10021
DMA,DM,212,2014,Dominica,AMR,1,0,2406.787414,1.441524556,1,2249.364557,2174.82619,0,9892.835599,8266.792416,1232.319081,0,2248.469697,39,Djibouti,2019,0-14,a,164,195.5988701,1488.10452,1404.882022,98,Mauritius,3533,13572
DMA,DM,212,2020,Dominica,AMR,18602.28805,11396.87288,2406.787414,69.03508694,22460.99128,2249.364557,2174.82619,2444.735223,9892.835599,8266.792416,1232.319081,3528.210565,2248.469697,39,Djibouti,2021,0-14,a,49,195.5988701,1488.10452,1404.882022,100,Mexico,85439,199564
DNK,DK,208,2014,Denmark,EUR,173,120,2406.787414,5.185241423,293,2249.364557,2174.82619,2444.735223,9892.835599,8266.792416,1232.319081,67,2248.469697,39,Dominica,2020,0-14,a,0,0,0,0,84.00550459,Mongolia,194992,189857
DNK,DK,208,2020,Denmark,EUR,121,86,2406.787414,3.553257058,207,2249.364557,2174.82619,2444.735223,9892.835599,8266.792416,1232.319081,57,2248.469697,39,Dominica,2021,0-14,a,0,0,0,0,84.00550459,Montenegro,184802,284636
DOM,DO,214,2014,Dominican Republic,AMR,1707,856,2406.787414,42.8413804,4405,2249.364557,2174.82619,782,9892.835599,8266.792416,1232.319081,483,2248.469697,39,Dominican Republic,2019,0-14,a,64,0,4,2,90,Morocco,330186,231765
DOM,DO,214,2020,Dominican Republic,AMR,1695,924,549,23.80981819,2619,373,2174.82619,2444.735223,9892.835599,8266.792416,1232.319081,225,2248.469697,39,Dominican Republic,2020,0-14,a,33,0,0,1,97,Mozambique,400113,201369
DZA,DZ,12,2014,Algeria,AFR,4072,2695,2406.787414,58.09314346,22517,2249.364557,2174.82619,2444.735223,9892.835599,8266.792416,1232.319081,13708,2248.469697,39,Dominican Republic,2021,0-14,a,40,0,2,2,91,Myanmar,542527,187485
DZA,DZ,12,2020,Algeria,AFR,2327,1611,2406.787414,39.61182984,17212,2249.364557,2174.82619,2444.735223,9892.835599,8266.792416,1232.319081,11827,2248.469697,39,Egypt,2019,0-14,a,488,195.5988701,1488.10452,1404.882022,100,Namibia,678895,310902
ECU,EC,218,2014,Ecuador,AMR,3230,1927,2406.787414,32.31609186,5157,2249.364557,2174.82619,637,9892.835599,8266.792416,1232.319081,913,2248.469697,39,Egypt,2020,0-14,a,471,195.5988701,1488.10452,1404.882022,100,Nepal,559923,310902
ECU,EC,218,2020,Ecuador,AMR,3945,1323,522,29.95122692,5268,455,2174.82619,2444.735223,9892.835599,8266.792416,1232.319081,719,2248.469697,39,Egypt,2021,0-14,a,474,195.5988701,1488.10452,1404.882022,100,Netherlands (Kingdom of the),693660,54428
EGY,EG,818,2014,Egypt,EMR,4035,2833,2406.787414,7.507925009,7177,2249.364557,2174.82619,12,9892.835599,8266.792416,1232.319081,2285,2248.469697,39,El Salvador,2019,0-14,a,128,0,0,7,95,New Zealand,809484,60220
EGY,EG,818,2020,Egypt,EMR,4439,2543,12,6.496990922,6982,12,2174.82619,2444.735223,9892.835599,8266.792416,1232.319081,3282,2248.469697,39,Equatorial Guinea,2019,0-14,a,15,195.5988701,1488.10452,1404.882022,71,Nicaragua,1310,47081
ERI,ER,232,2014,Eritrea,AFR,1295,1096,2406.787414,71.9438531,2391,2249.364557,2174.82619,140,9892.835599,8266.792416,1232.319081,774,2248.469697,39,Equatorial Guinea,2020,0-14,a,70,195.5988701,1488.10452,1404.882022,71,Niger,4890,66564
ERI,ER,232,2020,Eritrea,AFR,876,718,60,44.8273108,1594,57,2174.82619,2444.735223,9892.835599,8266.792416,1232.319081,571,2248.469697,39,Equatorial Guinea,2021,0-14,a,65,195.5988701,1488.10452,1404.882022,60,Nigeria,5432,77376
ESP,ES,724,2014,Spain,EUR,2896,1913,2406.787414,10.36919522,4818,2249.364557,2174.82619,233,9892.835599,8266.792416,1232.319081,1302,2248.469697,39,Estonia,2019,0-14,a,1,0,0,0,100,North Macedonia,26345,67168
ESP,ES,724,2020,Spain,EUR,1858,1088,2406.787414,6.226273154,2949,2249.364557,2174.82619,2444.735223,9892.835599,8266.792416,1232.319081,800,2248.469697,39,Estonia,2020,0-14,a,1,0,0,0,100,Norway,28186,57586
EST,EE,233,2014,Estonia,EUR,164,72,2406.787414,17.95323942,236,2249.364557,2174.82619,24,9892.835599,8266.792416,1232.319081,13,2248.469697,39,Estonia,2021,0-14,a,0,0,0,0,84.00550459,"occupied Palestinian territory, including east Jerusalem",30550,61183
EST,EE,233,2020,Estonia,EUR,89,31,11,9.026329804,120,11,2174.82619,2444.735223,9892.835599,8266.792416,1232.319081,8,2248.469697,39,Eswatini,2019,0-14,a,158,195.5988701,1488.10452,1404.882022,90,Oman,37805,71064
ETH,ET,231,2014,Ethiopia,AFR,65278,54314,2406.787414,119.8956165,119592,2249.364557,2174.82619,8670,9892.835599,8266.792416,1232.319081,37930,2248.469697,39,Eswatini,2020,0-14,a,90,195.5988701,1488.10452,1404.882022,91,Pakistan,58633,108040
ETH,ET,231,2020,Ethiopia,AFR,60553,47640,5737,92.3220061,108193,5187,2174.82619,2444.735223,9892.835599,8266.792416,1232.319081,32895,2248.469697,39,Eswatini,2021,0-14,a,74,195.5988701,1488.10452,1404.882022,90,Panama,101839,166298
FIN,FI,246,2014,Finland,EUR,138,114,2406.787414,4.614167692,252,2249.364557,2174.82619,2,9892.835599,8266.792416,1232.319081,60,2248.469697,39,Fiji,2020,0-14,a,46,195.5988701,1488.10452,1404.882022,36,Papua New Guinea,109216,121512
FIN,FI,246,2020,Finland,EUR,101,73,1,3.146776507,174,2249.364557,2174.82619,2444.735223,9892.835599,8266.792416,1232.319081,56,2248.469697,39,Fiji,2021,0-14,a,18,195.5988701,1488.10452,1404.882022,38,Paraguay,74547,310902
FJI,FJ,242,2014,Fiji,WPR,236,142,2406.787414,41.28620735,378,2249.364557,2174.82619,11,9892.835599,8266.792416,1232.319081,109,2248.469697,39,Finland,2019,0-14,a,0,0,0,0,0,Peru,98309,115006
FJI,FJ,242,2020,Fiji,WPR,250,178,22,46.82634705,431,17,2174.82619,2444.735223,9892.835599,8266.792416,1232.319081,165,2248.469697,39,Finland,2020,0-14,a,2,0,0,0,40,Philippines,198825,211433
FRA,FR,250,2014,France,EUR,2780,1732,2406.787414,7.131793708,4535,2249.364557,2174.82619,2444.735223,9892.835599,8266.792416,1232.319081,1230,2248.469697,39,Finland,2021,0-14,a,1,0,0,0,25,Poland,2874,1397
FRA,FR,250,2020,France,EUR,2843,1555,2406.787414,6.820713997,4398,2249.364557,2174.82619,2444.735223,9892.835599,8266.792416,1232.319081,1369,2248.469697,39,France,2019,0-14,a,22,0,1,0,10,Portugal,2982,7613
FSM,FM,583,2014,Micronesia (Federated States of),WPR,95,92,2406.787414,172.439096,188,2249.364557,2174.82619,0,9892.835599,8266.792416,1232.319081,26,2248.469697,39,France,2020,0-14,a,81,0,1,1,43,Puerto Rico,3090,7615
FSM,FM,583,2020,Micronesia (Federated States of),WPR,55,37,0,82.0651883,92,0,2174.82619,2444.735223,9892.835599,8266.792416,1232.319081,9,2248.469697,39,France,2021,0-14,a,59,0,1,5,35,Qatar,3282,7770
GAB,GA,266,2014,Gabon,AFR,3207,2401,2406.787414,285.125238,5608,2249.364557,2174.82619,648,9892.835599,8266.792416,1232.319081,448,2248.469697,39,French Polynesia,2020,0-14,a,6,195.5988701,1488.10452,1404.882022,100,Republic of Korea,3093,1107
GAB,GA,266,2020,Gabon,AFR,2978,1901,121,212.8176507,4879,71,2174.82619,2444.735223,9892.835599,8266.792416,1232.319081,480,2248.469697,39,Gabon,2019,0-14,a,378,195.5988701,1488.10452,1404.882022,100,Republic of Moldova,3019,7196
GBR,GB,826,2014,United Kingdom of Great Britain and Northern Ireland,EUR,3908,2714,2406.787414,10.223316,6622,2249.364557,2174.82619,2444.735223,9892.835599,8266.792416,1232.319081,3078,2248.469697,39,Georgia,2019,0-14,a,62,1,0,2,95,Romania,2598,6654
GBR,GB,826,2020,United Kingdom of Great Britain and Northern Ireland,EUR,2459,1726,2406.787414,6.240728939,4185,2249.364557,2174.82619,2444.735223,9892.835599,8266.792416,1232.319081,1932,2248.469697,39,Georgia,2020,0-14,a,45,0,1,0,96,Russian Federation,2380,6671
GEO,GE,268,2014,Georgia,EUR,2139,1061,2406.787414,84.7853936,3200,2249.364557,2174.82619,57,9892.835599,8266.792416,1232.319081,661,2248.469697,39,Georgia,2021,0-14,a,35,0,0,6,85,Rwanda,2316,6590
GEO,GE,268,2020,Georgia,EUR,1106,565,29,44.37172191,1671,29,2174.82619,2444.735223,9892.835599,8266.792416,1232.319081,329,2248.469697,39,Germany,2019,0-14,a,152,0,1,3,79,Samoa,2063,6461
GHA,GH,288,2014,Ghana,AFR,9501,5167,2406.787414,52.02090284,14668,2249.364557,2174.82619,2858,9892.835599,8266.792416,1232.319081,1181,2248.469697,39,Germany,2020,0-14,a,142,0,0,1,85,Sao Tome and Principe,1818,310902
GHA,GH,288,2020,Ghana,AFR,8619,3845,2118,39.38422023,12674,1902,2174.82619,2444.735223,9892.835599,8266.792416,1232.319081,911,2248.469697,39,Germany,2021,0-14,a,124,0,0,5,80,Saudi Arabia,2112,4087
GIN,GN,324,2014,Guinea,AFR,7883,3378,2406.787414,103.5350048,11734,2249.364557,2174.82619,1815,9892.835599,8266.792416,1232.319081,2478,2248.469697,39,Ghana,2019,0-14,a,654,195.5988701,1488.10452,1404.882022,80,Senegal,2483,4778
GIN,GN,324,2020,Guinea,AFR,9591,6021,3985,118.2265741,15612,3866,2174.82619,2444.735223,9892.835599,8266.792416,1232.319081,3802,2248.469697,39,Ghana,2020,0-14,a,506,195.5988701,1488.10452,1404.882022,82,Serbia,814,860
GMB,GM,270,2014,Gambia,AFR,18602.28805,11396.87288,2406.787414,116.5819027,2552,2249.364557,2174.82619,429,9892.835599,8266.792416,1232.319081,209,2248.469697,39,Grenada,2019,0-14,a,0,0,0,0,84.00550459,Seychelles,3154,2470
GMB,GM,270,2020,Gambia,AFR,1596,809,361,93.43452493,2405,320,2174.82619,2444.735223,9892.835599,8266.792416,1232.319081,171,2248.469697,39,Grenada,2020,0-14,a,0,0,0,0,84.00550459,Sierra Leone,2938,2693
GNB,GW,624,2014,Guinea-Bissau,AFR,1412,867,2406.787414,130.9004887,2282,2249.364557,2174.82619,561,9892.835599,8266.792416,1232.319081,93,2248.469697,39,Grenada,2021,0-14,a,0,0,0,0,84.00550459,Singapore,3464,5090
GNB,GW,624,2020,Guinea-Bissau,AFR,1575,968,705,126.151636,2543,475,2174.82619,2444.735223,9892.835599,8266.792416,1232.319081,74,2248.469697,39,Guam,2019,0-14,a,9,195.5988701,1488.10452,1404.882022,90,Sint Maarten (Dutch part),3803,2748
GNQ,GQ,226,2014,Equatorial Guinea,AFR,581,443,2406.787414,90.02588823,1166,2249.364557,2174.82619,293,9892.835599,8266.792416,1232.319081,142,2248.469697,39,Guam,2020,0-14,a,0,195.5988701,1488.10452,1404.882022,84.00550459,Slovakia,3945,2438
GNQ,GQ,226,2020,Equatorial Guinea,AFR,847,664,557,94.67127889,1511,404,2174.82619,2444.735223,9892.835599,8266.792416,1232.319081,158,2248.469697,39,Guam,2021,0-14,a,5,195.5988701,1488.10452,1404.882022,100,Slovenia,3756,2407
GRC,GR,300,2014,Greece,EUR,333,146,2406.787414,4.455503831,484,2249.364557,2174.82619,2444.735223,9892.835599,8266.792416,1232.319081,79,2248.469697,39,Guatemala,2019,0-14,a,420,0,2,21,95,Solomon Islands,4082,2431
GRC,GR,300,2020,Greece,EUR,289,86,2406.787414,3.614836507,380,2249.364557,2174.82619,2444.735223,9892.835599,8266.792416,1232.319081,46,2248.469697,39,Guatemala,2020,0-14,a,358,0,8,2,97,Somalia,3714,2523
GRD,GD,308,2014,Grenada,AMR,0,0,2406.787414,0,0,2249.364557,2174.82619,0,9892.835599,8266.792416,1232.319081,0,2248.469697,39,Guatemala,2021,0-14,a,348,1,5,2,98,South Africa,3111,2673
GRD,GD,308,2020,Grenada,AMR,0,1,0,0.808649313,1,0,2174.82619,2444.735223,9892.835599,8266.792416,1232.319081,0,2248.469697,39,Guyana,2019,0-14,a,13,0,1,1,87,South Sudan,2281,310902
GRL,GL,304,2014,Greenland,EUR,18602.28805,11396.87288,2406.787414,155.4876414,87,2249.364557,2174.82619,2444.735223,9892.835599,8266.792416,1232.319081,7,2248.469697,39,Guyana,2020,0-14,a,4,0,0,1,80,Spain,2281,2712
GRL,GL,304,2020,Greenland,EUR,43,31,2406.787414,132.0815336,74,2249.364557,2174.82619,2444.735223,9892.835599,8266.792416,1232.319081,8,2248.469697,39,Guyana,2021,0-14,a,7,195.5988701,1488.10452,1,88,Sri Lanka,2830,310902
GTM,GT,320,2014,Guatemala,AMR,1807,1356,2406.787414,20.12888084,3163,2249.364557,2174.82619,245,9892.835599,8266.792416,1232.319081,352,2248.469697,39,Haiti,2019,0-14,a,984,3,47,119,82,Sudan,104,173
GTM,GT,320,2020,Guatemala,AMR,1663,1086,197,15.83853404,2750,195,2174.82619,2444.735223,9892.835599,8266.792416,1232.319081,205,2248.469697,39,Haiti,2020,0-14,a,803,2,50,113,82,Suriname,98,214
GUM,GU,316,2014,Guam,WPR,27,29,2406.787414,33.42425527,56,2249.364557,2174.82619,0,9892.835599,8266.792416,1232.319081,3,2248.469697,39,Haiti,2021,0-14,a,773,2,30,102,83,Sweden,87,156
GUM,GU,316,2020,Guam,WPR,45,12,0,33.68177225,57,0,2174.82619,2444.735223,9892.835599,8266.792416,1232.319081,5,2248.469697,39,Honduras,2019,0-14,a,47,0,1,1,96,Switzerland,70,154
GUY,GY,328,2014,Guyana,AMR,394,151,2406.787414,72.55879592,545,2249.364557,2174.82619,148,9892.835599,8266.792416,1232.319081,58,2248.469697,39,Honduras,2020,0-14,a,39,0,1,1,95,Syrian Arab Republic,86,197
GUY,GY,328,2020,Guyana,AMR,275,91,44,45.91057223,366,34,2174.82619,2444.735223,9892.835599,8266.792416,1232.319081,32,2248.469697,39,Honduras,2021,0-14,a,46,0,1,1,90,Tajikistan,269,152
HKG,HK,344,2014,"China, Hong Kong SAR",WPR,3019,1740,2406.787414,64.72907434,4759,2249.364557,2174.82619,23,9892.835599,8266.792416,1232.319081,917,2248.469697,39,Hungary,2019,0-14,a,8,0,0,0,80,Thailand,92,381
HKG,HK,344,2020,"China, Hong Kong SAR",WPR,2285,1382,18,48.55379806,3642,16,2174.82619,2444.735223,9892.835599,8266.792416,1232.319081,731,2248.469697,39,Hungary,2020,0-14,a,4,0,0,0,80,Timor-Leste,95,81
HND,HN,340,2014,Honduras,AMR,1745,1075,2406.787414,30.5548538,2789,2249.364557,2174.82619,256,9892.835599,8266.792416,1232.319081,406,2248.469697,39,Hungary,2021,0-14,a,4,0,0,0,100,Togo,52,43
HND,HN,340,2020,Honduras,AMR,1241,606,91,18.2478092,1847,79,2174.82619,2444.735223,9892.835599,8266.792416,1232.319081,122,2248.469697,39,Iceland,2019,0-14,a,0,0,0,0,84.00550459,Tokelau,31,46
HRV,HR,191,2014,Croatia,EUR,309,187,2406.787414,11.57804019,496,2249.364557,2174.82619,2444.735223,9892.835599,8266.792416,1232.319081,41,2248.469697,39,Iceland,2020,0-14,a,2,0,0,0,100,Trinidad and Tobago,46,310902
HRV,HR,191,2020,Croatia,EUR,105,72,2406.787414,4.32037246,177,2249.364557,2174.82619,2444.735223,9892.835599,8266.792416,1232.319081,2,2248.469697,39,Iceland,2021,0-14,a,0,0,0,0,84.00550459,Tunisia,117,129
HTI,HT,332,2014,Haiti,AMR,8314,7492,2406.787414,151.7948206,15806,2249.364557,2174.82619,2588,9892.835599,8266.792416,1232.319081,1541,2248.469697,39,India,2019,0-14,a,127503,195.5988701,1488.10452,1404.882022,88,Türkiye,110,87
HTI,HT,332,2020,Haiti,AMR,6359,4914,1507,99.70105603,11273,1283,2174.82619,2444.735223,9892.835599,8266.792416,1232.319081,1130,2248.469697,39,India,2020,0-14,a,85025,195.5988701,1488.10452,1404.882022,88,Turkmenistan,7162,544
HUN,HU,348,2014,Hungary,EUR,492,307,2406.787414,8.096960032,799,2249.364557,2174.82619,2444.735223,9892.835599,8266.792416,1232.319081,26,2248.469697,39,India,2021,0-14,a,100162,195.5988701,1488.10452,1404.882022,90,Uganda,9300,94681
HUN,HU,348,2020,Hungary,EUR,235,149,2406.787414,3.938230092,384,2249.364557,2174.82619,2444.735223,9892.835599,8266.792416,1232.319081,17,2248.469697,39,Indonesia,2019,0-14,a,58002,195.5988701,1488.10452,1404.882022,83,Ukraine,11181,0
IDN,ID,360,2014,Indonesia,SEA,189133,133673,2406.787414,125.9830235,322806,2249.364557,2174.82619,2355,9892.835599,8266.792416,1232.319081,19653,2248.469697,39,Indonesia,2020,0-14,a,30865,195.5988701,1488.10452,1404.882022,90,United Arab Emirates,18881,0
IDN,ID,360,2020,Indonesia,SEA,221545,162480,7693,141.2594231,384025,2592,2174.82619,2444.735223,9892.835599,8266.792416,1232.319081,34874,2248.469697,39,Indonesia,2021,0-14,a,34517,195.5988701,1488.10452,1404.882022,90,United Kingdom of Great Britain and Northern Ireland,18200,71094
IND,IN,356,2014,India,SEA,1055386,554161,2406.787414,123.1249798,1609547,2249.364557,2174.82619,44171,9892.835599,8266.792416,1232.319081,275502,2248.469697,39,Iran (Islamic Republic of),2019,0-14,a,279,195.5988701,1488.10452,1404.882022,87,United Republic of Tanzania,15531,65673
IND,IN,356,2020,India,SEA,996149,633152,30496,116.6797494,1629301,28931,2174.82619,2444.735223,9892.835599,8266.792416,1232.319081,471000,2248.469697,39,Iran (Islamic Republic of),2020,0-14,a,158,195.5988701,1488.10452,1404.882022,89,United States of America,13672,0
IRL,IE,372,2014,Ireland,EUR,162,135,2406.787414,6.425557536,297,2249.364557,2174.82619,15,9892.835599,8266.792416,1232.319081,113,2248.469697,39,Iran (Islamic Republic of),2021,0-14,a,170,195.5988701,1488.10452,1404.882022,84,Uruguay,15609,0
IRL,IE,372,2020,Ireland,EUR,141,87,2406.787414,4.629892649,229,2249.364557,2174.82619,2444.735223,9892.835599,8266.792416,1232.319081,51,2248.469697,39,Ireland,2019,0-14,a,1,0,0,0,10,Uzbekistan,15769,0
IRN,IR,364,2014,Iran (Islamic Republic of),EMR,5217,4974,2406.787414,12.74485606,10191,2249.364557,2174.82619,272,9892.835599,8266.792416,1232.319081,2869,2248.469697,39,Ireland,2020,0-14,a,0,0,0,0,0,Venezuela (Bolivarian Republic of),16218,68127
IRN,IR,364,2020,Iran (Islamic Republic of),EMR,3315,2678,126,6.865605166,5993,115,2174.82619,2444.735223,9892.835599,8266.792416,1232.319081,1501,2248.469697,39,Ireland,2021,0-14,a,0,0,0,0,0,Viet Nam,14894,310902
IRQ,IQ,368,2014,Iraq,EMR,3957,4311,2406.787414,22.5001094,8268,2249.364557,2174.82619,0,9892.835599,8266.792416,1232.319081,3069,2248.469697,39,Israel,2019,0-14,a,7,0,0,0,100,Yemen,15411,0
IRQ,IQ,368,2020,Iraq,EMR,2443,2544,1,11.71840561,4987,1,2174.82619,2444.735223,9892.835599,8266.792416,1232.319081,2265,2248.469697,39,Israel,2020,0-14,a,4,0,0,0,100,Zambia,17064,0
ISL,IS,352,2014,Iceland,EUR,5,3,2406.787414,2.4416745,8,2249.364557,2174.82619,0,9892.835599,8266.792416,1232.319081,2,2248.469697,39,Israel,2021,0-14,a,10,0,0,0,100,Zimbabwe,429,27
ISL,IS,352,2020,Iceland,EUR,6,6,2406.787414,3.272706446,12,2249.364557,2174.82619,2444.735223,9892.835599,8266.792416,1232.319081,3,2248.469697,39,Jamaica,2020,0-14,a,21411.96934,195.5988701,1488.10452,1404.882022,0,,,
ISR,IL,376,2014,Israel,EUR,234,134,2406.787414,4.590629064,361,2249.364557,2174.82619,25,9892.835599,8266.792416,1232.319081,97,2248.469697,39,Japan,2019,0-14,a,35,195.5988701,1488.10452,1404.882022,92,,,
ISR,IL,376,2020,Israel,EUR,99,59,15,1.804170122,158,15,2174.82619,2444.735223,9892.835599,8266.792416,1232.319081,45,2248.469697,39,Japan,2020,0-14,a,44,195.5988701,1488.10452,1404.882022,88,,,
ITA,IT,380,2014,Italy,EUR,18602.28805,11396.87288,2406.787414,69.03508694,22460.99128,2249.364557,2174.82619,2444.735223,9892.835599,8266.792416,1232.319081,3528.210565,2248.469697,39,Japan,2021,0-14,a,29,195.5988701,1488.10452,1404.882022,100,,,
ITA,IT,380,2020,Italy,EUR,1392,769,2406.787414,3.635258743,2163,2249.364557,2174.82619,2444.735223,9892.835599,8266.792416,1232.319081,624,2248.469697,39,Jordan,2019,0-14,a,11,195.5988701,1488.10452,1404.882022,92,,,
JAM,JM,388,2014,Jamaica,AMR,66,20,2406.787414,3.088478073,86,2249.364557,2174.82619,19,9892.835599,8266.792416,1232.319081,6,2248.469697,39,Jordan,2020,0-14,a,11,195.5988701,1488.10452,1404.882022,73,,,
JAM,JM,388,2020,Jamaica,AMR,42,19,14,2.162786179,61,2,2174.82619,2444.735223,9892.835599,8266.792416,1232.319081,1,2248.469697,39,Jordan,2021,0-14,a,9,195.5988701,1488.10452,1404.882022,75,,,
JOR,JO,400,2014,Jordan,EMR,203,182,2406.787414,4.446741093,385,2249.364557,2174.82619,0,9892.835599,8266.792416,1232.319081,161,2248.469697,39,Kazakhstan,2019,0-14,a,271,2,1,0,99,,,
JOR,JO,400,2020,Jordan,EMR,100,146,0,2.287550391,250,0,2174.82619,2444.735223,9892.835599,8266.792416,1232.319081,80,2248.469697,39,Kazakhstan,2020,0-14,a,224,3,0,0,99,,,
JPN,JP,392,2014,Japan,WPR,12005,7610,2406.787414,15.38712142,19615,2249.364557,2174.82619,45,9892.835599,8266.792416,1232.319081,4255,2248.469697,39,Kenya,2019,0-14,a,7289,195.5988701,1488.10452,1404.882022,89,,,
JPN,JP,392,2020,Japan,WPR,7507,5232,31,10.17128373,12739,2249.364557,2174.82619,2444.735223,9892.835599,8266.792416,1232.319081,3171,2248.469697,39,Kenya,2020,0-14,a,4928,195.5988701,1488.10452,1404.882022,88,,,
KAZ,KZ,398,2014,Kazakhstan,EUR,9217,6027,2406.787414,86.65155627,15244,2249.364557,2174.82619,625,9892.835599,8266.792416,1232.319081,1571,2248.469697,39,Kenya,2021,0-14,a,6704,195.5988701,1488.10452,1404.882022,90,,,
KAZ,KZ,398,2020,Kazakhstan,EUR,4883,4720,614,50.59738157,9603,592,2174.82619,2444.735223,9892.835599,8266.792416,1232.319081,883,2248.469697,39,Kiribati,2019,0-14,a,71,195.5988701,1488.10452,1404.882022,95,,,
KEN,KE,404,2014,Kenya,AFR,54189,35105,2406.787414,192.0607068,88025,2249.364557,2174.82619,30002,9892.835599,8266.792416,1232.319081,14640,2248.469697,39,Kiribati,2020,0-14,a,72,195.5988701,1488.10452,1404.882022,96,,,
KEN,KE,404,2020,Kenya,AFR,46874,24772,17675,136.6912259,71060,17158,2174.82619,2444.735223,9892.835599,8266.792416,1232.319081,9791,2248.469697,39,Kiribati,2021,0-14,a,43,195.5988701,1488.10452,1404.882022,93,,,
KGZ,KG,417,2014,Kyrgyzstan,EUR,3264,2616,2406.787414,109.8992384,6390,2249.364557,2174.82619,221,9892.835599,8266.792416,1232.319081,1624,2248.469697,39,Kuwait,2019,0-14,a,13,195.5988701,1488.10452,1404.882022,100,,,
KGZ,KG,417,2020,Kyrgyzstan,EUR,2468,1773,131,66.0090766,4241,88,2174.82619,2444.735223,9892.835599,8266.792416,1232.319081,809,2248.469697,39,Kuwait,2020,0-14,a,12,195.5988701,1488.10452,1404.882022,92,,,
KHM,KH,116,2014,Cambodia,WPR,23107,19952,2406.787414,283.0814413,43059,2249.364557,2174.82619,953,9892.835599,8266.792416,1232.319081,18310,2248.469697,39,Kuwait,2021,0-14,a,10,195.5988701,1488.10452,1404.882022,100,,,
KHM,KH,116,2020,Cambodia,WPR,16541,12506,648,177.1680675,29050,570,2174.82619,2444.735223,9892.835599,8266.792416,1232.319081,11157,2248.469697,39,Kyrgyzstan,2020,0-14,a,130,2,5,4,71,,,
KIR,KI,296,2014,Kiribati,WPR,215,199,2406.787414,360.0469626,414,2249.364557,2174.82619,1,9892.835599,8266.792416,1232.319081,55,2248.469697,39,Kyrgyzstan,2021,0-14,a,173,2,0,4,96,,,
KIR,KI,296,2020,Kiribati,WPR,196,189,0,304.4368709,385,0,2174.82619,2444.735223,9892.835599,8266.792416,1232.319081,138,2248.469697,39,Lao People's Democratic Republic,2021,0-14,a,55,195.5988701,1488.10452,1404.882022,75,,,
KNA,KN,659,2014,Saint Kitts and Nevis,AMR,5,2,2406.787414,14.64772228,7,2249.364557,2174.82619,1,9892.835599,8266.792416,1232.319081,0,2248.469697,39,Lebanon,2019,0-14,a,50,195.5988701,1488.10452,1404.882022,93,,,
KNA,KN,659,2020,Saint Kitts and Nevis,AMR,18602.28805,11396.87288,0,4.197976575,2,0,2174.82619,2444.735223,9892.835599,8266.792416,1232.319081,3528.210565,2248.469697,39,Lebanon,2020,0-14,a,42,195.5988701,1488.10452,1404.882022,98,,,
KOR,KR,410,2014,Republic of Korea,WPR,23557,16381,2406.787414,79.49279208,40190,2249.364557,2174.82619,2444.735223,9892.835599,8266.792416,1232.319081,6987,2248.469697,39,Lebanon,2021,0-14,a,37,195.5988701,1488.10452,1404.882022,90,,,
KOR,KR,410,2020,Republic of Korea,WPR,13918,9192,2406.787414,44.57544254,23110,2249.364557,2174.82619,2444.735223,9892.835599,8266.792416,1232.319081,4685,2248.469697,39,Lesotho,2019,0-14,a,223,195.5988701,1488.10452,1404.882022,85,,,
KWT,KW,414,2014,Kuwait,EMR,407,327,2406.787414,19.5130562,734,2249.364557,2174.82619,1,9892.835599,8266.792416,1232.319081,237,2248.469697,39,Lesotho,2020,0-14,a,134,195.5988701,1488.10452,1404.882022,78,,,
KWT,KW,414,2020,Kuwait,EMR,435,256,4,15.84701008,691,4,2174.82619,2444.735223,9892.835599,8266.792416,1232.319081,220,2248.469697,39,Lesotho,2021,0-14,a,163,195.5988701,1488.10452,1404.882022,78,,,
LAO,LA,418,2014,Lao People's Democratic Republic,WPR,2607,1555,2406.787414,65.69573668,4396,2249.364557,2174.82619,258,9892.835599,8266.792416,1232.319081,408,2248.469697,39,Libya,2019,0-14,a,76,195.5988701,1488.10452,1404.882022,76,,,
LAO,LA,418,2020,Lao People's Democratic Republic,WPR,5267,2746,369,109.4762015,8013,276,2174.82619,2444.735223,9892.835599,8266.792416,1232.319081,497,2248.469697,39,Libya,2020,0-14,a,85,195.5988701,1488.10452,1404.882022,85,,,
LBN,LB,422,2014,Lebanon,EMR,273,400,2406.787414,10.72622436,673,2249.364557,2174.82619,6,9892.835599,8266.792416,1232.319081,238,2248.469697,39,Libya,2021,0-14,a,88,195.5988701,1488.10452,1404.882022,81,,,
LBN,LB,422,2020,Lebanon,EMR,268,390,2,11.61944106,658,2,2174.82619,2444.735223,9892.835599,8266.792416,1232.319081,228,2248.469697,39,Lithuania,2019,0-14,a,26,0,0,0,100,,,
LBR,LR,430,2014,Liberia,AFR,1147,556,2406.787414,111.4086434,5035,2249.364557,2174.82619,402,9892.835599,8266.792416,1232.319081,1304,2248.469697,39,Lithuania,2020,0-14,a,13,0,0,0,100,,,
LBR,LR,430,2020,Liberia,AFR,4164,2791,765,136.7643266,6958,685,2174.82619,2444.735223,9892.835599,8266.792416,1232.319081,1982,2248.469697,39,Lithuania,2021,0-14,a,13,0,0,0,100,,,
LBY,LY,434,2014,Libya,EMR,698,455,2406.787414,18.90857042,1153,2249.364557,2174.82619,54,9892.835599,8266.792416,1232.319081,384,2248.469697,39,Luxembourg,2019,0-14,a,0,0,0,0,84.00550459,,,
LBY,LY,434,2020,Libya,EMR,1145,599,11,26.27014182,1748,2249.364557,2174.82619,2444.735223,9892.835599,8266.792416,1232.319081,717,2248.469697,39,Luxembourg,2020,0-14,a,0,0,0,0,84.00550459,,,
LCA,LC,662,2014,Saint Lucia,AMR,4,2,2406.787414,3.432415734,6,2249.364557,2174.82619,1,9892.835599,8266.792416,1232.319081,0,2248.469697,39,Madagascar,2020,0-14,a,3703,195.5988701,1488.10452,1404.882022,97,,,
LCA,LC,662,2020,Saint Lucia,AMR,6,2,0,4.463364149,8,0,2174.82619,2444.735223,9892.835599,8266.792416,1232.319081,1,2248.469697,39,Madagascar,2021,0-14,a,3578,195.5988701,1488.10452,1404.882022,88,,,
LKA,LK,144,2014,Sri Lanka,SEA,5871,3109,2406.787414,43.80997122,9305,2249.364557,2174.82619,21,9892.835599,8266.792416,1232.319081,2710,2248.469697,39,Malawi,2019,0-14,a,1378,195.5988701,1488.10452,1404.882022,91,,,
LKA,LK,144,2020,Sri Lanka,SEA,4541,2494,33,32.39684277,7035,13,2174.82619,2444.735223,9892.835599,8266.792416,1232.319081,1929,2248.469697,39,Malawi,2020,0-14,a,1275,195.5988701,1488.10452,1404.882022,93,,,
LSO,LS,426,2014,Lesotho,AFR,4975,3739,2406.787414,421.9083046,8840,2249.364557,2174.82619,6600,9892.835599,8266.792416,1232.319081,1363,2248.469697,39,Malawi,2021,0-14,a,1173,195.5988701,1488.10452,1404.882022,93,,,
LSO,LS,426,2020,Lesotho,AFR,3025,1540,2602,202.5198527,4565,2410,2174.82619,2444.735223,9892.835599,8266.792416,1232.319081,382,2248.469697,39,Malaysia,2019,0-14,a,756,195.5988701,1488.10452,1404.882022,90,,,
LTU,LT,440,2014,Lithuania,EUR,1022,459,2406.787414,49.4502871,1481,2249.364557,2174.82619,36,9892.835599,8266.792416,1232.319081,109,2248.469697,39,Malaysia,2020,0-14,a,687,195.5988701,1488.10452,1404.882022,91,,,
LTU,LT,440,2020,Lithuania,EUR,522,166,18,24.3948534,688,2249.364557,2174.82619,2444.735223,9892.835599,8266.792416,1232.319081,49,2248.469697,39,Malaysia,2021,0-14,a,671,195.5988701,1488.10452,1404.882022,93,,,
LUX,LU,442,2014,Luxembourg,EUR,14,10,2406.787414,4.316011143,24,2249.364557,2174.82619,2444.735223,9892.835599,8266.792416,1232.319081,8,2248.469697,39,Maldives,2019,0-14,a,3,195.5988701,1488.10452,1404.882022,100,,,
LUX,LU,442,2020,Luxembourg,EUR,30,2,0,5.076150184,32,0,2174.82619,2444.735223,9892.835599,8266.792416,1232.319081,8,2248.469697,39,Maldives,2020,0-14,a,3,195.5988701,1488.10452,1404.882022,100,,,
LVA,LV,428,2014,Latvia,EUR,526,212,2406.787414,36.69744843,738,2249.364557,2174.82619,95,9892.835599,8266.792416,1232.319081,53,2248.469697,39,Maldives,2021,0-14,a,3,195.5988701,1488.10452,1404.882022,100,,,
LVA,LV,428,2020,Latvia,EUR,18602.28805,11396.87288,2406.787414,69.03508694,22460.99128,2249.364557,2174.82619,2444.735223,9892.835599,8266.792416,1232.319081,3528.210565,2248.469697,39,Malta,2020,0-14,a,7,0,0,0,100,,,
MAC,MO,446,2014,"China, Macao SAR",WPR,261,133,2406.787414,65.21375712,394,2249.364557,2174.82619,6,9892.835599,8266.792416,1232.319081,60,2248.469697,39,Malta,2021,0-14,a,1,0,0,0,100,,,
MAC,MO,446,2020,"China, Macao SAR",WPR,233,130,2,53.67575409,363,2,2174.82619,2444.735223,9892.835599,8266.792416,1232.319081,75,2248.469697,39,Marshall Islands,2019,0-14,a,99,195.5988701,1488.10452,1404.882022,97,,,
MAR,MA,504,2014,Morocco,EMR,16639,11496,2406.787414,87.5714551,29992,2249.364557,2174.82619,351,9892.835599,8266.792416,1232.319081,13478,2248.469697,39,Marshall Islands,2020,0-14,a,31,195.5988701,1488.10452,1404.882022,97,,,
MAR,MA,504,2020,Morocco,EMR,17255,11763,240,79.0923174,29018,236,2174.82619,2444.735223,9892.835599,8266.792416,1232.319081,13897,2248.469697,39,Marshall Islands,2021,0-14,a,30,195.5988701,1488.10452,1404.882022,97,,,
MCO,MC,492,2014,Monaco,EUR,18602.28805,11396.87288,2406.787414,0,0,2249.364557,2174.82619,0,9892.835599,8266.792416,1232.319081,0,2248.469697,39,Mauritania,2019,0-14,a,140,195.5988701,1488.10452,1404.882022,89,,,
MCO,MC,492,2020,Monaco,EUR,0,0,2406.787414,0,0,2249.364557,2174.82619,2444.735223,9892.835599,8266.792416,1232.319081,0,2248.469697,39,Mauritania,2020,0-14,a,72,195.5988701,1488.10452,1404.882022,72,,,
MDA,MD,498,2014,Republic of Moldova,EUR,2906,1152,2406.787414,121.5575664,4058,2249.364557,2174.82619,338,9892.835599,8266.792416,1232.319081,343,2248.469697,39,Mauritania,2021,0-14,a,98,195.5988701,1488.10452,1404.882022,78,,,
MDA,MD,498,2020,Republic of Moldova,EUR,1340,427,219,57.27998828,1767,170,2174.82619,2444.735223,9892.835599,8266.792416,1232.319081,122,2248.469697,39,Mauritius,2019,0-14,a,1,195.5988701,1488.10452,1404.882022,33,,,
MDG,MG,450,2014,Madagascar,AFR,18602.28805,11396.87288,2406.787414,117.5504964,28466,2249.364557,2174.82619,98,9892.835599,8266.792416,1232.319081,5658,2248.469697,39,Mauritius,2020,0-14,a,3,195.5988701,1488.10452,1404.882022,100,,,
MDG,MG,450,2020,Madagascar,AFR,21639,14483,390,127.9779397,36122,158,2174.82619,2444.735223,9892.835599,8266.792416,1232.319081,7261,2248.469697,39,Mauritius,2021,0-14,a,3,195.5988701,1488.10452,1404.882022,100,,,
MDV,MV,462,2014,Maldives,SEA,72,59,2406.787414,30.2348238,126,2249.364557,2174.82619,0,9892.835599,8266.792416,1232.319081,74,2248.469697,39,Mexico,2019,0-14,a,467,1,28,32,71,,,
MDV,MV,462,2020,Maldives,SEA,72,35,0,20.79939662,107,0,2174.82619,2444.735223,9892.835599,8266.792416,1232.319081,38,2248.469697,39,Mexico,2020,0-14,a,351,1,42,32,66,,,
MEX,MX,484,2014,Mexico,AMR,13105,8091,2406.787414,17.84837833,21196,2249.364557,2174.82619,1287,9892.835599,8266.792416,1232.319081,3892,2248.469697,39,Mexico,2021,0-14,a,490,0,52,41,71,,,
MEX,MX,484,2020,Mexico,AMR,11076,6527,1718,13.97082319,17603,1157,2174.82619,2444.735223,9892.835599,8266.792416,1232.319081,3550,2248.469697,39,Micronesia (Federated States of),2019,0-14,a,21,195.5988701,1488.10452,1404.882022,100,,,
MHL,MH,584,2014,Marshall Islands,WPR,26,31,2406.787414,281.639858,142,2249.364557,2174.82619,0,9892.835599,8266.792416,1232.319081,37,2248.469697,39,Micronesia (Federated States of),2020,0-14,a,6,195.5988701,1488.10452,1404.882022,75,,,
MHL,MH,584,2020,Marshall Islands,WPR,69,78,0,338.608251,147,0,2174.82619,2444.735223,9892.835599,8266.792416,1232.319081,29,2248.469697,39,Micronesia (Federated States of),2021,0-14,a,6,195.5988701,1488.10452,1404.882022,75,,,
MKD,MK,807,2014,North Macedonia,EUR,181,103,2406.787414,13.4898216,284,2249.364557,2174.82619,1,9892.835599,8266.792416,1232.319081,64,2248.469697,39,Monaco,2020,0-14,a,21411.96934,195.5988701,1488.10452,1404.882022,84.00550459,,,
MKD,MK,807,2020,North Macedonia,EUR,95,48,1,6.773809704,143,1,2174.82619,2444.735223,9892.835599,8266.792416,1232.319081,19,2248.469697,39,Mongolia,2019,0-14,a,381,195.5988701,1488.10452,1404.882022,96,,,
MLI,ML,466,2014,Mali,AFR,2551,1253,2406.787414,33.09629421,5809,2249.364557,2174.82619,367,9892.835599,8266.792416,1232.319081,1208,2248.469697,39,Mongolia,2020,0-14,a,426,195.5988701,1488.10452,1404.882022,97,,,
MLI,ML,466,2020,Mali,AFR,4642,2280,513,32.6139604,6922,501,2174.82619,2444.735223,9892.835599,8266.792416,1232.319081,1120,2248.469697,39,Montenegro,2019,0-14,a,1,0,0,0,100,,,
MLT,MT,470,2014,Malta,EUR,33,12,2406.787414,10.07971938,45,2249.364557,2174.82619,6,9892.835599,8266.792416,1232.319081,12,2248.469697,39,Montenegro,2020,0-14,a,0,0,0,0,84.00550459,,,
MLT,MT,470,2020,Malta,EUR,106,24,2,27.16558198,140,2,2174.82619,2444.735223,9892.835599,8266.792416,1232.319081,41,2248.469697,39,Morocco,2019,0-14,a,1925,195.5988701,1488.10452,1404.882022,92,,,
MMR,MM,104,2014,Myanmar,SEA,86055,52233,2406.787414,270.8936774,138352,2249.364557,2174.82619,6412,9892.835599,8266.792416,1232.319081,16108,2248.469697,39,Morocco,2020,0-14,a,1941,195.5988701,1488.10452,1404.882022,93,,,
MMR,MM,104,2020,Myanmar,SEA,65927,37425,8272,193.4983376,103373,6133,2174.82619,2444.735223,9892.835599,8266.792416,1232.319081,9632,2248.469697,39,Morocco,2021,0-14,a,1728,195.5988701,1488.10452,1404.882022,79,,,
MNE,ME,499,2014,Montenegro,EUR,66,47,2406.787414,17.8150826,113,2249.364557,2174.82619,0,9892.835599,8266.792416,1232.319081,13,2248.469697,39,Mozambique,2020,0-14,a,10347,195.5988701,1488.10452,1404.882022,88,,,
MNE,ME,499,2020,Montenegro,EUR,29,11,0,6.358815226,40,0,2174.82619,2444.735223,9892.835599,8266.792416,1232.319081,2,2248.469697,39,Mozambique,2021,0-14,a,10953,195.5988701,1488.10452,1404.882022,98,,,
MNG,MN,496,2014,Mongolia,WPR,2557,1926,2406.787414,154.4358716,4483,2249.364557,2174.82619,8,9892.835599,8266.792416,1232.319081,1705,2248.469697,39,Myanmar,2019,0-14,a,22210,195.5988701,1488.10452,1404.882022,96,,,
MNG,MN,496,2020,Mongolia,WPR,2126,1735,4,117.2011954,3861,4,2174.82619,2444.735223,9892.835599,8266.792416,1232.319081,1321,2248.469697,39,Myanmar,2020,0-14,a,8228,195.5988701,1488.10452,1404.882022,96,,,
MNP,MP,580,2014,Northern Mariana Islands,WPR,16,10,2406.787414,50.13884604,26,2249.364557,2174.82619,0,9892.835599,8266.792416,1232.319081,0,2248.469697,39,Myanmar,2021,0-14,a,5932,195.5988701,1488.10452,1404.882022,95,,,
MNP,MP,580,2020,Northern Mariana Islands,WPR,27,14,0,82.68296126,41,0,2174.82619,2444.735223,9892.835599,8266.792416,1232.319081,2,2248.469697,39,Namibia,2019,0-14,a,655,195.5988701,1488.10452,1404.882022,92,,,
MOZ,MZ,508,2014,Mozambique,AFR,18602.28805,11396.87288,2406.787414,221.8735618,57773,2249.364557,2174.82619,29337,9892.835599,8266.792416,1232.319081,6276,2248.469697,39,Namibia,2020,0-14,a,590,195.5988701,1488.10452,1404.882022,94,,,
MOZ,MZ,508,2020,Mozambique,AFR,51148,45055,26354,308.5581581,96203,25027,2174.82619,2444.735223,9892.835599,8266.792416,1232.319081,4613,2248.469697,39,Namibia,2021,0-14,a,589,195.5988701,1488.10452,1404.882022,92,,,
MRT,MR,478,2014,Mauritania,AFR,1634,762,2406.787414,62.9687857,2420,2249.364557,2174.82619,2444.735223,9892.835599,8266.792416,1232.319081,588,2248.469697,39,Nauru,2020,0-14,a,0,195.5988701,1488.10452,1404.882022,84.00550459,,,
MRT,MR,478,2020,Mauritania,AFR,1496,833,69,52.08282392,2343,51,2174.82619,2444.735223,9892.835599,8266.792416,1232.319081,495,2248.469697,39,Netherlands (Kingdom of the),2019,0-14,a,43,0,0,2,91,,,
MSR,MS,500,2014,Montserrat,AMR,18602.28805,11396.87288,2406.787414,0,0,2249.364557,2174.82619,2444.735223,9892.835599,8266.792416,1232.319081,0,2248.469697,39,Netherlands (Kingdom of the),2020,0-14,a,17,0,2,0,89,,,
MSR,MS,500,2020,Montserrat,AMR,18602.28805,11396.87288,2406.787414,69.03508694,22460.99128,2249.364557,2174.82619,2444.735223,9892.835599,8266.792416,1232.319081,3528.210565,2248.469697,39,Netherlands (Kingdom of the),2021,0-14,a,25,0,0,1,96,,,
MUS,MU,480,2014,Mauritius,AFR,87,39,2406.787414,9.751469105,126,2249.364557,2174.82619,15,9892.835599,8266.792416,1232.319081,10,2248.469697,39,New Caledonia,2020,0-14,a,1,195.5988701,1488.10452,1404.882022,33,,,
MUS,MU,480,2020,Mauritius,AFR,70,31,18,7.782233085,101,18,2174.82619,2444.735223,9892.835599,8266.792416,1232.319081,16,2248.469697,39,New Zealand,2019,0-14,a,2,195.5988701,1488.10452,1404.882022,100,,,
MWI,MW,454,2014,Malawi,AFR,9693,6574,2406.787414,98.71970849,16267,2249.364557,2174.82619,8844,9892.835599,8266.792416,1232.319081,4567,2248.469697,39,New Zealand,2020,0-14,a,6,195.5988701,1488.10452,1404.882022,100,,,
MWI,MW,454,2020,Malawi,AFR,9182,5951,6699,78.09749889,15133,6613,2174.82619,2444.735223,9892.835599,8266.792416,1232.319081,4223,2248.469697,39,New Zealand,2021,0-14,a,6,195.5988701,1488.10452,1404.882022,86,,,
MYS,MY,458,2014,Malaysia,WPR,15266,8788,2406.787414,78.59125422,24054,2249.364557,2174.82619,1468,9892.835599,8266.792416,1232.319081,3055,2248.469697,39,Nicaragua,2019,0-14,a,158,0,4,7,91,,,
MYS,MY,458,2020,Malaysia,WPR,14576,8397,1075,69.19579772,22973,328,2174.82619,2444.735223,9892.835599,8266.792416,1232.319081,3479,2248.469697,39,Nicaragua,2020,0-14,a,98,0,0,5,95,,,
NAM,,516,2014,Namibia,AFR,5170,3672,2406.787414,406.3306258,9114,2249.364557,2174.82619,3994,9892.835599,8266.792416,1232.319081,1561,2248.469697,39,Nicaragua,2021,0-14,a,78,0,0,5,94,,,
NAM,,516,2020,Namibia,AFR,4022,2487,1989,261.5003507,6509,1962,2174.82619,2444.735223,9892.835599,8266.792416,1232.319081,976,2248.469697,39,Nigeria,2019,0-14,a,8720,195.5988701,1488.10452,1404.882022,91,,,
NCL,NC,540,2014,New Caledonia,WPR,19,10,2406.787414,10.32770889,29,2249.364557,2174.82619,2444.735223,9892.835599,8266.792416,1232.319081,12,2248.469697,39,Nigeria,2020,0-14,a,7674,195.5988701,1488.10452,1404.882022,91,,,
NCL,NC,540,2020,New Caledonia,WPR,18602.28805,11396.87288,2406.787414,14.66465086,42,2249.364557,2174.82619,2444.735223,9892.835599,8266.792416,1232.319081,18,2248.469697,39,Nigeria,2021,0-14,a,11894,195.5988701,1488.10452,1404.882022,92,,,
NER,NE,562,2014,Niger,AFR,5294,1779,2406.787414,56.01379392,10851,2249.364557,2174.82619,485,9892.835599,8266.792416,1232.319081,1710,2248.469697,39,North Macedonia,2019,0-14,a,12,0,0,0,100,,,
NER,NE,562,2020,Niger,AFR,8320,3014,355,46.75009767,11376,271,2174.82619,2444.735223,9892.835599,8266.792416,1232.319081,1310,2248.469697,39,North Macedonia,2020,0-14,a,8,195.5988701,1488.10452,2,80,,,
NGA,NG,566,2014,Nigeria,AFR,54808,36546,2406.787414,48.20184765,86464,2249.364557,2174.82619,16066,9892.835599,8266.792416,1232.319081,4764,2248.469697,39,North Macedonia,2021,0-14,a,3,0,0,0,100,,,
NGA,NG,566,2020,Nigeria,AFR,82314,53342,9709,65.17817471,135784,8849,2174.82619,2444.735223,9892.835599,8266.792416,1232.319081,3604,2248.469697,39,Northern Mariana Islands,2019,0-14,a,1,195.5988701,1488.10452,1404.882022,100,,,
NIC,NI,558,2014,Nicaragua,AMR,825,622,2406.787414,42.39229105,2632,2249.364557,2174.82619,2444.735223,9892.835599,8266.792416,1232.319081,338,2248.469697,39,Northern Mariana Islands,2020,0-14,a,1,195.5988701,1488.10452,1404.882022,100,,,
NIC,NI,558,2020,Nicaragua,AMR,1193,693,106,27.91636045,1886,103,2174.82619,2444.735223,9892.835599,8266.792416,1232.319081,175,2248.469697,39,Northern Mariana Islands,2021,0-14,a,0,195.5988701,1488.10452,1404.882022,0,,,
NIU,NU,570,2014,Niue,WPR,0,0,2406.787414,0,0,2249.364557,2174.82619,0,9892.835599,8266.792416,1232.319081,0,2248.469697,39,Norway,2019,0-14,a,4,0,0,0,100,,,
NIU,NU,570,2020,Niue,WPR,1,0,0,51.49330587,1,0,2174.82619,2444.735223,9892.835599,8266.792416,1232.319081,0,2248.469697,39,Norway,2020,0-14,a,10,0,0,0,100,,,
NLD,NL,528,2014,Netherlands,EUR,503,311,2406.787414,4.801203911,814,2249.364557,2174.82619,23,9892.835599,8266.792416,1232.319081,363,2248.469697,39,Norway,2021,0-14,a,3,0,0,0,75,,,
NLD,NL,528,2020,Netherlands,EUR,348,266,14,3.521741332,614,11,2174.82619,2444.735223,9892.835599,8266.792416,1232.319081,268,2248.469697,39,"occupied Palestinian territory, including east Jerusalem",2019,0-14,a,2,195.5988701,1488.10452,1404.882022,100,,,
NOR,NO,578,2014,Norway,EUR,169,134,2406.787414,5.897324658,303,2249.364557,2174.82619,2444.735223,9892.835599,8266.792416,1232.319081,31,2248.469697,39,"occupied Palestinian territory, including east Jerusalem",2020,0-14,a,6,195.5988701,1488.10452,1404.882022,100,,,
NOR,NO,578,2020,Norway,EUR,63,81,2406.787414,2.676660026,144,2249.364557,2174.82619,2444.735223,9892.835599,8266.792416,1232.319081,55,2248.469697,39,"occupied Palestinian territory, including east Jerusalem",2021,0-14,a,0,195.5988701,1488.10452,1404.882022,84.00550459,,,
NPL,NP,524,2014,Nepal,SEA,10793,5154,2406.787414,128.4570091,35277,2249.364557,2174.82619,369,9892.835599,8266.792416,1232.319081,8583,2248.469697,39,Oman,2019,0-14,a,4,195.5988701,1488.10452,1404.882022,80,,,
NPL,NP,524,2020,Nepal,SEA,16802,9988,123,92.95835202,27282,113,2174.82619,2444.735223,9892.835599,8266.792416,1232.319081,8466,2248.469697,39,Oman,2020,0-14,a,4,195.5988701,1488.10452,1404.882022,80,,,
NRU,NR,520,2014,Nauru,WPR,2,6,2406.787414,73.1261426,8,2249.364557,2174.82619,0,9892.835599,8266.792416,1232.319081,1,2248.469697,39,Oman,2021,0-14,a,4,195.5988701,1488.10452,1404.882022,100,,,
NRU,NR,520,2020,Nauru,WPR,4,9,0,105.5623224,13,0,2174.82619,2444.735223,9892.835599,8266.792416,1232.319081,1,2248.469697,39,Palau,2019,0-14,a,0,195.5988701,1488.10452,1404.882022,84.00550459,,,
NZL,NZ,554,2014,New Zealand,WPR,173,124,2406.787414,6.579246134,297,2249.364557,2174.82619,2,9892.835599,8266.792416,1232.319081,111,2248.469697,39,Palau,2020,0-14,a,0,195.5988701,1488.10452,1404.882022,84.00550459,,,
NZL,NZ,554,2020,New Zealand,WPR,164,152,2,6.243661251,316,2249.364557,2174.82619,2444.735223,9892.835599,8266.792416,1232.319081,160,2248.469697,39,Palau,2021,0-14,a,0,195.5988701,1488.10452,1404.882022,84.00550459,,,
OMN,OM,512,2014,Oman,EMR,205,153,2406.787414,8.929313014,358,2249.364557,2174.82619,3,9892.835599,8266.792416,1232.319081,116,2248.469697,39,Panama,2019,0-14,a,101,0,1,8,92,,,
OMN,OM,512,2020,Oman,EMR,220,93,8,6.889115396,313,8,2174.82619,2444.735223,9892.835599,8266.792416,1232.319081,64,2248.469697,39,Panama,2020,0-14,a,58,0,5,6,84,,,
PAK,PK,586,2014,Pakistan,EMR,153265,155152,2406.787414,148.098242,308417,2249.364557,2174.82619,90,9892.835599,8266.792416,1232.319081,57463,2248.469697,39,Panama,2021,0-14,a,82,0,5,11,84,,,
PAK,PK,586,2020,Pakistan,EMR,142453,130537,556,120.1557728,272990,364,2174.82619,2444.735223,9892.835599,8266.792416,1232.319081,50170,2248.469697,39,Papua New Guinea,2019,0-14,a,5027,195.5988701,1488.10452,1404.882022,69,,,
PAN,PA,591,2014,Panama,AMR,913,544,2406.787414,37.46663811,1457,2249.364557,2174.82619,123,9892.835599,8266.792416,1232.319081,284,2248.469697,39,Papua New Guinea,2020,0-14,a,4527,195.5988701,1488.10452,1404.882022,73,,,
PAN,PA,591,2020,Panama,AMR,772,361,272,26.3832213,1133,243,2174.82619,2444.735223,9892.835599,8266.792416,1232.319081,224,2248.469697,39,Papua New Guinea,2021,0-14,a,4853,195.5988701,1488.10452,1404.882022,71,,,
PER,PE,604,2014,Peru,AMR,17061,10314,2406.787414,98.86027687,30008,2249.364557,2174.82619,1385,9892.835599,8266.792416,1232.319081,5348,2248.469697,39,Paraguay,2019,0-14,a,135,0,10,28,70,,,
PER,PE,604,2020,Peru,AMR,15093,8397,1362,71.32614933,23755,728,2174.82619,2444.735223,9892.835599,8266.792416,1232.319081,4106,2248.469697,39,Paraguay,2020,0-14,a,103,0,3,11,87,,,
PHL,PH,608,2014,Philippines,WPR,38930,20226,2406.787414,240.1959212,243379,2249.364557,2174.82619,108,9892.835599,8266.792416,1232.319081,4161,2248.469697,39,Paraguay,2021,0-14,a,61,0,5,24,64,,,
PHL,PH,608,2020,Philippines,WPR,171380,85150,898,228.6645565,256541,898,2174.82619,2444.735223,9892.835599,8266.792416,1232.319081,4774,2248.469697,39,Peru,2019,0-14,a,1170,2,22,47,88,,,
PLW,PW,585,2014,Palau,WPR,11,3,2406.787414,78.6693639,14,2249.364557,2174.82619,0,9892.835599,8266.792416,1232.319081,3,2248.469697,39,Peru,2020,0-14,a,752,2,16,41,90,,,
PLW,PW,585,2020,Palau,WPR,9,1,0,55.64210995,10,0,2174.82619,2444.735223,9892.835599,8266.792416,1232.319081,0,2248.469697,39,Peru,2021,0-14,a,759,1,17,35,90,,,
PNG,PG,598,2014,Papua New Guinea,WPR,18602.28805,11396.87288,2406.787414,309.1862824,26170,2249.364557,2174.82619,781,9892.835599,8266.792416,1232.319081,11406,2248.469697,39,Philippines,2019,0-14,a,28814,195.5988701,1488.10452,1404.882022,90,,,
PNG,PG,598,2020,Papua New Guinea,WPR,14785,13442,1249,289.5183822,28227,1017,2174.82619,2444.735223,9892.835599,8266.792416,1232.319081,12679,2248.469697,39,Philippines,2020,0-14,a,14625,195.5988701,1488.10452,1404.882022,74,,,
POL,PL,616,2014,Poland,EUR,4449,2090,2406.787414,16.9483741,6539,2249.364557,2174.82619,2444.735223,9892.835599,8266.792416,1232.319081,374,2248.469697,39,Philippines,2021,0-14,a,21563,195.5988701,1488.10452,1404.882022,82,,,
POL,PL,616,2020,Poland,EUR,2307,843,2406.787414,8.197069842,3150,2249.364557,2174.82619,2444.735223,9892.835599,8266.792416,1232.319081,142,2248.469697,39,Portugal,2019,0-14,a,44,0,1,0,62,,,
PRI,PR,630,2014,Puerto Rico,AMR,33,11,2406.787414,1.235951584,44,2249.364557,2174.82619,6,9892.835599,8266.792416,1232.319081,5,2248.469697,39,Portugal,2020,0-14,a,37,0,0,1,88,,,
PRI,PR,630,2020,Puerto Rico,AMR,18,9,3,0.825293346,27,1,2174.82619,2444.735223,9892.835599,8266.792416,1232.319081,1,2248.469697,39,Portugal,2021,0-14,a,30,0,0,0,68,,,
PRK,KP,408,2014,Democratic People's Republic of Korea,SEA,58737,35895,2406.787414,410.1108921,103045,2249.364557,2174.82619,0,9892.835599,8266.792416,1232.319081,18587,2248.469697,39,Puerto Rico,2019,0-14,a,0,0,0,0,84.00550459,,,
PRK,KP,408,2020,Democratic People's Republic of Korea,SEA,56944,32696,2406.787414,346.5356697,89640,2249.364557,2174.82619,2444.735223,9892.835599,8266.792416,1232.319081,17305,2248.469697,39,Puerto Rico,2020,0-14,a,1,0,0,0,100,,,
PRT,PT,620,2014,Portugal,EUR,1359,809,2406.787414,20.83899384,2169,2249.364557,2174.82619,221,9892.835599,8266.792416,1232.319081,595,2248.469697,39,Puerto Rico,2021,0-14,a,0,0,0,0,84.00550459,,,
PRT,PT,620,2020,Portugal,EUR,913,488,95,13.61404021,1402,2249.364557,2174.82619,2444.735223,9892.835599,8266.792416,1232.319081,410,2248.469697,39,Qatar,2019,0-14,a,3,195.5988701,1488.10452,1404.882022,100,,,
PRY,PY,600,2014,Paraguay,AMR,1541,702,2406.787414,36.90860245,2248,2249.364557,2174.82619,190,9892.835599,8266.792416,1232.319081,209,2248.469697,39,Qatar,2020,0-14,a,4,195.5988701,1488.10452,1404.882022,57,,,
PRY,PY,600,2020,Paraguay,AMR,1720,643,197,35.70190196,2363,178,2174.82619,2444.735223,9892.835599,8266.792416,1232.319081,245,2248.469697,39,Qatar,2021,0-14,a,12,195.5988701,1488.10452,1404.882022,80,,,
PSE,PS,275,2014,"occupied Palestinian territory, including east Jerusalem",EMR,29,14,2406.787414,0.981628705,43,2249.364557,2174.82619,0,9892.835599,8266.792416,1232.319081,8,2248.469697,39,Republic of Korea,2019,0-14,a,74,195.5988701,1488.10452,1404.882022,95,,,
PSE,PS,275,2020,"occupied Palestinian territory, including east Jerusalem",EMR,16,10,0,0.517990095,26,0,2174.82619,2444.735223,9892.835599,8266.792416,1232.319081,11,2248.469697,39,Republic of Korea,2020,0-14,a,49,195.5988701,1488.10452,1404.882022,91,,,
PYF,PF,258,2014,French Polynesia,WPR,30,26,2406.787414,19.31880513,56,2249.364557,2174.82619,0,9892.835599,8266.792416,1232.319081,11,2248.469697,39,Republic of Korea,2021,0-14,a,34,195.5988701,1488.10452,1404.882022,97,,,
PYF,PF,258,2020,French Polynesia,WPR,38,26,1,21.19766826,64,1,2174.82619,2444.735223,9892.835599,8266.792416,1232.319081,9,2248.469697,39,Republic of Moldova,2019,0-14,a,103,0,0,0,100,,,
QAT,QA,634,2014,Qatar,EMR,376,84,2406.787414,20.99829982,465,2249.364557,2174.82619,0,9892.835599,8266.792416,1232.319081,310,2248.469697,39,Republic of Moldova,2020,0-14,a,56,0,0,0,100,,,
QAT,QA,634,2020,Qatar,EMR,688,173,2,31.19130121,861,2,2174.82619,2444.735223,9892.835599,8266.792416,1232.319081,456,2248.469697,39,Republic of Moldova,2021,0-14,a,70,0,0,1,99,,,
ROU,RO,642,2014,Romania,EUR,10051,4810,2406.787414,74.32047352,14861,2249.364557,2174.82619,312,9892.835599,8266.792416,1232.319081,2209,2248.469697,39,Romania,2019,0-14,a,372,2,5,7,96,,,
ROU,RO,642,2020,Romania,EUR,5168,2025,136,36.9971502,7193,113,2174.82619,2444.735223,9892.835599,8266.792416,1232.319081,981,2248.469697,39,Romania,2020,0-14,a,245,0,6,6,95,,,
RUS,RU,643,2014,Russian Federation,EUR,70713,30915,2406.787414,70.92902959,102340,2249.364557,2174.82619,5251,9892.835599,8266.792416,1232.319081,8763,2248.469697,39,Romania,2021,0-14,a,263,1,7,4,95,,,
RUS,RU,643,2020,Russian Federation,EUR,40715,17603,13506,40.32693114,58723,9190,2174.82619,2444.735223,9892.835599,8266.792416,1232.319081,4042,2248.469697,39,Russian Federation,2019,0-14,a,1652,39,10,6,94,,,
RWA,RW,646,2014,Rwanda,AFR,3831,1930,2406.787414,50.67532947,5761,2249.364557,2174.82619,1497,9892.835599,8266.792416,1232.319081,857,2248.469697,39,Russian Federation,2020,0-14,a,1365,26,4,8,95,,,
RWA,RW,646,2020,Rwanda,AFR,3884,1627,1064,41.92034268,5511,977,2174.82619,2444.735223,9892.835599,8266.792416,1232.319081,883,2248.469697,39,Russian Federation,2021,0-14,a,1433,27,6,5,96,,,
SAU,SA,682,2014,Saudi Arabia,EMR,2218,1030,2406.787414,10.11032834,3248,2249.364557,2174.82619,63,9892.835599,8266.792416,1232.319081,789,2248.469697,39,Rwanda,2019,0-14,a,412,195.5988701,1488.10452,1404.882022,94,,,
SAU,SA,682,2020,Saudi Arabia,EMR,1730,718,40,6.800546499,2448,40,2174.82619,2444.735223,9892.835599,8266.792416,1232.319081,596,2248.469697,39,Rwanda,2020,0-14,a,299,195.5988701,1488.10452,1404.882022,92,,,
SDN,SD,729,2014,Sudan,EMR,11332,7279,2406.787414,52.06570397,19266,2249.364557,2174.82619,329,9892.835599,8266.792416,1232.319081,4571,2248.469697,39,Rwanda,2021,0-14,a,288,195.5988701,1488.10452,1404.882022,93,,,
SDN,SD,729,2020,Sudan,EMR,9445,5538,111,39.06347919,17360,109,2174.82619,2444.735223,9892.835599,8266.792416,1232.319081,4834,2248.469697,39,Saint Lucia,2019,0-14,a,0,0,0,0,84.00550459,,,
SEN,SN,686,2014,Senegal,AFR,6545,2733,2406.787414,95.43096688,13332,2249.364557,2174.82619,831,9892.835599,8266.792416,1232.319081,1653,2248.469697,39,Saint Lucia,2020,0-14,a,0,0,0,0,84.00550459,,,
SEN,SN,686,2020,Senegal,AFR,8422,4386,625,77.92593386,12808,587,2174.82619,2444.735223,9892.835599,8266.792416,1232.319081,1646,2248.469697,39,Saint Lucia,2021,0-14,a,0,0,0,0,84.00550459,,,
SGP,SG,702,2014,Singapore,WPR,1397,774,2406.787414,38.9731482,2171,2249.364557,2174.82619,50,9892.835599,8266.792416,1232.319081,313,2248.469697,39,Saint Vincent and the Grenadines,2019,0-14,a,0,0,0,0,84.00550459,,,
SGP,SG,702,2020,Singapore,WPR,1368,989,21,39.88244071,2357,2249.364557,2174.82619,2444.735223,9892.835599,8266.792416,1232.319081,420,2248.469697,39,Saint Vincent and the Grenadines,2020,0-14,a,0,0,1,0,0,,,
SLB,SB,90,2014,Solomon Islands,WPR,175,170,2406.787414,57.75266792,345,2249.364557,2174.82619,0,9892.835599,8266.792416,1232.319081,111,2248.469697,39,Samoa,2020,0-14,a,0,195.5988701,1488.10452,1404.882022,84.00550459,,,
SLB,SB,90,2020,Solomon Islands,WPR,177,144,1,46.44157693,321,1,2174.82619,2444.735223,9892.835599,8266.792416,1232.319081,86,2248.469697,39,Samoa,2021,0-14,a,0,195.5988701,1488.10452,1404.882022,84.00550459,,,
SLE,SL,694,2014,Sierra Leone,AFR,4707,2746,2406.787414,174.7310623,12477,2249.364557,2174.82619,1305,9892.835599,8266.792416,1232.319081,509,2248.469697,39,Sao Tome and Principe,2019,0-14,a,10,195.5988701,1488.10452,1404.882022,91,,,
SLE,SL,694,2020,Sierra Leone,AFR,9476,6228,2144,190.7463836,15706,2141,2174.82619,2444.735223,9892.835599,8266.792416,1232.319081,1293,2248.469697,39,Sao Tome and Principe,2020,0-14,a,2,195.5988701,1488.10452,1404.882022,67,,,
SLV,SV,222,2014,El Salvador,AMR,1292,778,2406.787414,35.52606109,2206,2249.364557,2174.82619,203,9892.835599,8266.792416,1232.319081,291,2248.469697,39,Sao Tome and Principe,2021,0-14,a,1,195.5988701,1488.10452,1404.882022,100,,,
SLV,SV,222,2020,El Salvador,AMR,1605,437,123,32.45013969,2042,108,2174.82619,2444.735223,9892.835599,8266.792416,1232.319081,259,2248.469697,39,Saudi Arabia,2019,0-14,a,90,195.5988701,1488.10452,1404.882022,85,,,
SMR,SM,674,2014,San Marino,EUR,18602.28805,11396.87288,2406.787414,69.03508694,22460.99128,2249.364557,2174.82619,2444.735223,9892.835599,8266.792416,1232.319081,3528.210565,2248.469697,39,Saudi Arabia,2020,0-14,a,70,195.5988701,1488.10452,1404.882022,89,,,
SMR,SM,674,2020,San Marino,EUR,18602.28805,11396.87288,2406.787414,69.03508694,22460.99128,2249.364557,2174.82619,2444.735223,9892.835599,8266.792416,1232.319081,3528.210565,2248.469697,39,Saudi Arabia,2021,0-14,a,74,195.5988701,1488.10452,1404.882022,93,,,
SOM,SO,706,2014,Somalia,EMR,7778,5125,2406.787414,96.94772089,12903,2249.364557,2174.82619,248,9892.835599,8266.792416,1232.319081,2813,2248.469697,39,Senegal,2019,0-14,a,514,195.5988701,1488.10452,1404.882022,87,,,
SOM,SO,706,2020,Somalia,EMR,9566,7322,125,104.027232,17203,95,2174.82619,2444.735223,9892.835599,8266.792416,1232.319081,4467,2248.469697,39,Senegal,2020,0-14,a,422,195.5988701,1488.10452,1404.882022,63,,,
SRB,RS,688,2014,Serbia,EUR,1006,812,2406.787414,24.0987492,1818,2249.364557,2174.82619,8,9892.835599,8266.792416,1232.319081,351,2248.469697,39,Seychelles,2020,0-14,a,0,195.5988701,1488.10452,1404.882022,84.00550459,,,
SRB,RS,688,2020,Serbia,EUR,198,243,2406.787414,5.966291135,439,2249.364557,2174.82619,2444.735223,9892.835599,8266.792416,1232.319081,116,2248.469697,39,Seychelles,2021,0-14,a,0,195.5988701,1488.10452,1404.882022,84.00550459,,,
SSD,SS,728,2014,South Sudan,AFR,18602.28805,11396.87288,2406.787414,74.33148041,8335,2249.364557,2174.82619,752,9892.835599,8266.792416,1232.319081,1624,2248.469697,39,Singapore,2019,0-14,a,13,195.5988701,1488.10452,1404.882022,93,,,
SSD,SS,728,2020,South Sudan,AFR,9976,5731,1703,150.562495,15969,1619,2174.82619,2444.735223,9892.835599,8266.792416,1232.319081,3178,2248.469697,39,Singapore,2020,0-14,a,7,195.5988701,1488.10452,1404.882022,88,,,
STP,ST,678,2014,Sao Tome and Principe,AFR,103,55,2406.787414,80.00121521,158,2249.364557,2174.82619,28,9892.835599,8266.792416,1232.319081,20,2248.469697,39,Singapore,2021,0-14,a,10,195.5988701,1488.10452,1404.882022,100,,,
STP,ST,678,2020,Sao Tome and Principe,AFR,55,37,6,42.07810978,92,6,2174.82619,2444.735223,9892.835599,8266.792416,1232.319081,13,2248.469697,39,Sint Maarten (Dutch part),2021,0-14,a,0,0,0,0,84.00550459,,,
SUR,SR,740,2014,Suriname,AMR,101,48,2406.787414,25.628333,146,2249.364557,2174.82619,44,9892.835599,8266.792416,1232.319081,26,2248.469697,39,Solomon Islands,2019,0-14,a,51,195.5988701,1488.10452,1404.882022,96,,,
SUR,SR,740,2020,Suriname,AMR,71,32,22,16.96688164,103,17,2174.82619,2444.735223,9892.835599,8266.792416,1232.319081,13,2248.469697,39,Solomon Islands,2020,0-14,a,62,195.5988701,1488.10452,1404.882022,100,,,
SVK,SK,703,2014,Slovakia,EUR,188,132,2406.787414,5.90452857,320,2249.364557,2174.82619,0,9892.835599,8266.792416,1232.319081,57,2248.469697,39,South Africa,2019,0-14,a,21035,195.5988701,1488.10452,1404.882022,84,,,
SVK,SK,703,2020,Slovakia,EUR,91,62,2,2.803902226,153,2,2174.82619,2444.735223,9892.835599,8266.792416,1232.319081,22,2248.469697,39,South Africa,2020,0-14,a,12821,195.5988701,1488.10452,1404.882022,80,,,
SVN,SI,705,2014,Slovenia,EUR,82,60,2406.787414,6.84364724,142,2249.364557,2174.82619,0,9892.835599,8266.792416,1232.319081,39,2248.469697,39,South Africa,2021,0-14,a,10308,195.5988701,1488.10452,1404.882022,87,,,
SVN,SI,705,2020,Slovenia,EUR,45,30,0,3.5416768,75,0,2174.82619,2444.735223,9892.835599,8266.792416,1232.319081,11,2248.469697,39,South Sudan,2020,0-14,a,938,195.5988701,1488.10452,1404.882022,91,,,
SWE,SE,752,2014,Sweden,EUR,332,303,2406.787414,6.514485549,635,2249.364557,2174.82619,2444.735223,9892.835599,8266.792416,1232.319081,270,2248.469697,39,South Sudan,2021,0-14,a,1883,195.5988701,1488.10452,1404.882022,60,,,
SWE,SE,752,2020,Sweden,EUR,168,148,2406.787414,3.04755468,316,2249.364557,2174.82619,2444.735223,9892.835599,8266.792416,1232.319081,113,2248.469697,39,Spain,2019,0-14,a,169,0,1,0,53,,,
SWZ,SZ,748,2014,Eswatini,AFR,3082,2501,2406.787414,495.8853859,5583,2249.364557,2174.82619,3972,9892.835599,8266.792416,1232.319081,765,2248.469697,39,Spain,2020,0-14,a,123,0,1,0,66,,,
SWZ,SZ,748,2020,Eswatini,AFR,1310,830,1445,181.5094164,2143,1413,2174.82619,2444.735223,9892.835599,8266.792416,1232.319081,462,2248.469697,39,Spain,2021,0-14,a,43,0,0,0,41,,,
SXM,SX,534,2014,Sint Maarten (Dutch part),AMR,18602.28805,11396.87288,2406.787414,0,0,2249.364557,2174.82619,0,9892.835599,8266.792416,1232.319081,0,2248.469697,39,Suriname,2019,0-14,a,4,0,0,2,67,,,
SXM,SX,534,2020,Sint Maarten (Dutch part),AMR,18602.28805,11396.87288,0,2.292473808,1,0,2174.82619,2444.735223,9892.835599,8266.792416,1232.319081,0,2248.469697,39,Suriname,2020,0-14,a,3,0,0,2,60,,,
SYC,SC,690,2014,Seychelles,AFR,7,6,2406.787414,13.26517076,13,2249.364557,2174.82619,1,9892.835599,8266.792416,1232.319081,5,2248.469697,39,Suriname,2021,0-14,a,5,0,0,1,83,,,
SYC,SC,690,2020,Seychelles,AFR,9,0,2,8.528380555,9,2,2174.82619,2444.735223,9892.835599,8266.792416,1232.319081,2,2248.469697,39,Sweden,2019,0-14,a,11,0,0,0,61,,,
SYR,SY,760,2014,Syrian Arab Republic,EMR,1980,1443,2406.787414,17.34236631,3481,2249.364557,2174.82619,0,9892.835599,8266.792416,1232.319081,1796,2248.469697,39,Sweden,2020,0-14,a,12,0,0,0,75,,,
SYR,SY,760,2020,Syrian Arab Republic,EMR,1041,1598,1,12.70423844,2639,1,2174.82619,2444.735223,9892.835599,8266.792416,1232.319081,1008,2248.469697,39,Sweden,2021,0-14,a,13,0,0,0,93,,,
TCA,TC,796,2014,Turks and Caicos Islands,AMR,1,0,2406.787414,2.858367872,1,2249.364557,2174.82619,1,9892.835599,8266.792416,1232.319081,0,2248.469697,39,Switzerland,2019,0-14,a,11,0,0,0,73,,,
TCA,TC,796,2020,Turks and Caicos Islands,AMR,18602.28805,11396.87288,2406.787414,69.03508694,22460.99128,2249.364557,2174.82619,2444.735223,9892.835599,8266.792416,1232.319081,3528.210565,2248.469697,39,Switzerland,2020,0-14,a,17,0,0,0,94,,,
TCD,TD,148,2014,Chad,AFR,7689,4284,2406.787414,87.41249807,11973,2249.364557,2174.82619,1291,9892.835599,8266.792416,1232.319081,1499,2248.469697,39,Switzerland,2021,0-14,a,4,0,0,0,57,,,
TCD,TD,148,2020,Chad,AFR,8609,4200,1351,76.95542263,12809,1331,2174.82619,2444.735223,9892.835599,8266.792416,1232.319081,1435,2248.469697,39,Syrian Arab Republic,2019,0-14,a,234,195.5988701,1488.10452,1404.882022,100,,,
TGO,TG,768,2014,Togo,AFR,1596,929,2406.787414,34.64417279,2525,2249.364557,2174.82619,523,9892.835599,8266.792416,1232.319081,339,2248.469697,39,Syrian Arab Republic,2020,0-14,a,186,195.5988701,1488.10452,1404.882022,100,,,
TGO,TG,768,2020,Togo,AFR,1520,807,402,27.56266449,2327,399,2174.82619,2444.735223,9892.835599,8266.792416,1232.319081,286,2248.469697,39,Syrian Arab Republic,2021,0-14,a,197,195.5988701,1488.10452,1404.882022,100,,,
THA,TH,764,2014,Thailand,SEA,24670,9724,2406.787414,96.79972438,67722,2249.364557,2174.82619,6831,9892.835599,8266.792416,1232.319081,10244,2248.469697,39,Tajikistan,2019,0-14,a,332,1,3,11,95,,,
THA,TH,764,2020,Thailand,SEA,57166,27550,6631,120.0926234,85837,5560,2174.82619,2444.735223,9892.835599,8266.792416,1232.319081,12292,2248.469697,39,Tajikistan,2020,0-14,a,188,0,5,7,78,,,
TJK,TJ,762,2014,Tajikistan,EUR,3212,2595,2406.787414,69.74246092,5807,2249.364557,2174.82619,161,9892.835599,8266.792416,1232.319081,1423,2248.469697,39,Tajikistan,2021,0-14,a,194,0,6,4,95,,,
TJK,TJ,762,2020,Tajikistan,EUR,2193,1955,118,43.46547235,4148,116,2174.82619,2444.735223,9892.835599,8266.792416,1232.319081,1271,2248.469697,39,Thailand,2019,0-14,a,797,195.5988701,1488.10452,1404.882022,92,,,
TKL,TK,772,2014,Tokelau,WPR,0,0,2406.787414,0,0,2249.364557,2174.82619,2444.735223,9892.835599,8266.792416,1232.319081,0,2248.469697,39,Thailand,2020,0-14,a,781,195.5988701,1488.10452,1404.882022,88,,,
TKL,TK,772,2020,Tokelau,WPR,0,0,0,0,0,0,2174.82619,2444.735223,9892.835599,8266.792416,1232.319081,0,2248.469697,39,Thailand,2021,0-14,a,550,195.5988701,1488.10452,1404.882022,87,,,
TKM,TM,795,2014,Turkmenistan,EUR,18602.28805,11396.87288,2406.787414,44.79837377,2537,2249.364557,2174.82619,2444.735223,9892.835599,8266.792416,1232.319081,415,2248.469697,39,Togo,2019,0-14,a,79,195.5988701,1488.10452,1404.882022,93,,,
TKM,TM,795,2020,Turkmenistan,EUR,1139,779,2406.787414,30.68584954,1918,2249.364557,2174.82619,2444.735223,9892.835599,8266.792416,1232.319081,389,2248.469697,39,Togo,2020,0-14,a,62,195.5988701,1488.10452,1404.882022,95,,,
TLS,TL,626,2014,Timor-Leste,SEA,1921,1658,2406.787414,308.6518741,3657,2249.364557,2174.82619,24,9892.835599,8266.792416,1232.319081,519,2248.469697,39,Togo,2021,0-14,a,78,195.5988701,1488.10452,1404.882022,92,,,
TLS,TL,626,2020,Timor-Leste,SEA,1778,1447,42,248.0778772,3225,39,2174.82619,2444.735223,9892.835599,8266.792416,1232.319081,587,2248.469697,39,Tokelau,2019,0-14,a,0,195.5988701,1488.10452,1404.882022,84.00550459,,,
TON,TO,776,2014,Tonga,WPR,6,7,2406.787414,12.19214826,13,2249.364557,2174.82619,0,9892.835599,8266.792416,1232.319081,0,2248.469697,39,Tonga,2019,0-14,a,1,195.5988701,1488.10452,1404.882022,100,,,
TON,TO,776,2020,Tonga,WPR,5,3,0,7.600661258,8,0,2174.82619,2444.735223,9892.835599,8266.792416,1232.319081,2,2248.469697,39,Tonga,2020,0-14,a,1,195.5988701,1488.10452,1404.882022,100,,,
TTO,TT,780,2014,Trinidad and Tobago,AMR,179,72,2406.787414,17.30245729,251,2249.364557,2174.82619,71,9892.835599,8266.792416,1232.319081,25,2248.469697,39,Tunisia,2020,0-14,a,21411.96934,195.5988701,1488.10452,1404.882022,0,,,
TTO,TT,780,2020,Trinidad and Tobago,AMR,164,56,31,14.49135031,220,30,2174.82619,2444.735223,9892.835599,8266.792416,1232.319081,13,2248.469697,39,T?rkiye,2019,0-14,a,397,0,21,8,81,,,
TUN,TN,788,2014,Tunisia,EMR,1568,1566,2406.787414,27.42159646,3134,2249.364557,2174.82619,12,9892.835599,8266.792416,1232.319081,1834,2248.469697,39,T?rkiye,2020,0-14,a,314,2,12,4,81,,,
TUN,TN,788,2020,Tunisia,EMR,1256,1427,21,22.01990623,2678,21,2174.82619,2444.735223,9892.835599,8266.792416,1232.319081,1720,2248.469697,39,T?rkiye,2021,0-14,a,285,1,14,6,74,,,
TUR,TR,792,2014,TÃ¼rkiye,EUR,7526,5582,2406.787414,16.78101668,13108,2249.364557,2174.82619,45,9892.835599,8266.792416,1232.319081,4557,2248.469697,39,Tuvalu,2019,0-14,a,5,195.5988701,1488.10452,1404.882022,100,,,
TUR,TR,792,2020,TÃ¼rkiye,EUR,5051,3779,83,10.49498435,8830,62,2174.82619,2444.735223,9892.835599,8266.792416,1232.319081,3012,2248.469697,39,Tuvalu,2021,0-14,a,1,195.5988701,1488.10452,1404.882022,100,,,
TUV,TV,798,2014,Tuvalu,WPR,7,11396.87288,2406.787414,137.6273053,15,2249.364557,2174.82619,0,9892.835599,8266.792416,1232.319081,0,2248.469697,39,Uganda,2019,0-14,a,4747,195.5988701,1488.10452,1404.882022,86,,,
TUV,TV,798,2020,Tuvalu,WPR,18,11,0,271.0271931,30,0,2174.82619,2444.735223,9892.835599,8266.792416,1232.319081,10,2248.469697,39,Uganda,2020,0-14,a,6218,195.5988701,1488.10452,1404.882022,88,,,
TZA,TZ,834,2014,United Republic of Tanzania,AFR,36704,24867,2406.787414,121.1680465,61571,2249.364557,2174.82619,20055,9892.835599,8266.792416,1232.319081,13600,2248.469697,39,Uganda,2021,0-14,a,8400,195.5988701,1488.10452,1404.882022,89,,,
TZA,TZ,834,2020,United Republic of Tanzania,AFR,50655,34137,17818,137.4145731,84791,17784,2174.82619,2444.735223,9892.835599,8266.792416,1232.319081,17645,2248.469697,39,Ukraine,2019,0-14,a,414,5,8,1,97,,,
UGA,UG,800,2014,Uganda,AFR,28412,15775,2406.787414,121.6048672,44187,2249.364557,2174.82619,19612,9892.835599,8266.792416,1232.319081,4180,2248.469697,39,Ukraine,2020,0-14,a,277,6,5,1,96,,,
UGA,UG,800,2020,Uganda,AFR,28618,17342,20075,137.1186429,60887,19394,2174.82619,2444.735223,9892.835599,8266.792416,1232.319081,3215,2248.469697,39,Ukraine,2021,0-14,a,346,9,5,4,95,,,
UKR,UA,804,2014,Ukraine,EUR,22523,9178,2406.787414,70.21561827,31701,2249.364557,2174.82619,7640,9892.835599,8266.792416,1232.319081,2596,2248.469697,39,United Arab Emirates,2019,0-14,a,3,195.5988701,1488.10452,1404.882022,100,,,
UKR,UA,804,2020,Ukraine,EUR,12338,5195,3799,39.92970477,17533,3460,2174.82619,2444.735223,9892.835599,8266.792416,1232.319081,1343,2248.469697,39,United Arab Emirates,2020,0-14,a,1,195.5988701,1488.10452,1404.882022,50,,,
URY,UY,858,2014,Uruguay,AMR,588,274,2406.787414,25.41526838,862,2249.364557,2174.82619,132,9892.835599,8266.792416,1232.319081,83,2248.469697,39,United Arab Emirates,2021,0-14,a,3,195.5988701,1488.10452,1404.882022,75,,,
URY,UY,858,2020,Uruguay,AMR,663,305,122,28.22909662,968,56,2174.82619,2444.735223,9892.835599,8266.792416,1232.319081,112,2248.469697,39,United Kingdom of Great Britain and Northern Ireland,2019,0-14,a,154,0,0,3,85,,,
USA,US,840,2014,United States of America,AMR,5529,3417,2406.787414,2.778899433,8949,2249.364557,2174.82619,504,9892.835599,8266.792416,1232.319081,1877,2248.469697,39,United Kingdom of Great Britain and Northern Ireland,2020,0-14,a,129,14,3,0,83,,,
USA,US,840,2020,United States of America,AMR,4134,2714,291,2.038744765,6849,2249.364557,2174.82619,2444.735223,9892.835599,8266.792416,1232.319081,1456,2248.469697,39,United Kingdom of Great Britain and Northern Ireland,2021,0-14,a,123,3,0,0,95,,,
UZB,UZ,860,2014,Uzbekistan,EUR,10626,7719,2406.787414,60.25314796,18345,2249.364557,2174.82619,780,9892.835599,8266.792416,1232.319081,4514,2248.469697,39,United Republic of Tanzania,2019,0-14,a,11685,195.5988701,1488.10452,1404.882022,95,,,
UZB,UZ,860,2020,Uzbekistan,EUR,6613,5498,379,36.12349529,12111,287,2174.82619,2444.735223,9892.835599,8266.792416,1232.319081,4442,2248.469697,39,United Republic of Tanzania,2020,0-14,a,13245,195.5988701,1488.10452,1404.882022,97,,,
VCT,VC,670,2014,Saint Vincent and the Grenadines,AMR,5,0,2406.787414,4.67674349,5,2249.364557,2174.82619,2444.735223,9892.835599,8266.792416,1232.319081,0,2248.469697,39,United Republic of Tanzania,2021,0-14,a,13710,195.5988701,1488.10452,1404.882022,97,,,
VCT,VC,670,2020,Saint Vincent and the Grenadines,AMR,11,2,4,12.42449729,13,4,2174.82619,2444.735223,9892.835599,8266.792416,1232.319081,0,2248.469697,39,United States of America,2019,0-14,a,320,0,2,2,88,,,
VEN,VE,862,2014,Venezuela (Bolivarian Republic of),AMR,3816,2576,2406.787414,21.17028908,6392,2249.364557,2174.82619,482,9892.835599,8266.792416,1232.319081,1079,2248.469697,39,United States of America,2020,0-14,a,271,0,3,2,88,,,
VEN,VE,862,2020,Venezuela (Bolivarian Republic of),AMR,6119,3031,329,32.11602146,9150,286,2174.82619,2444.735223,9892.835599,8266.792416,1232.319081,1173,2248.469697,39,United States of America,2021,0-14,a,257,0,3,4,85,,,
VGB,VG,92,2014,British Virgin Islands,AMR,0,0,2406.787414,0,0,2249.364557,2174.82619,0,9892.835599,8266.792416,1232.319081,0,2248.469697,39,Uruguay,2019,0-14,a,39,0,1,2,93,,,
VGB,VG,92,2020,British Virgin Islands,AMR,18602.28805,11396.87288,2406.787414,69.03508694,22460.99128,2249.364557,2174.82619,2444.735223,9892.835599,8266.792416,1232.319081,3528.210565,2248.469697,39,Uruguay,2020,0-14,a,61,0,0,0,100,,,
VNM,VN,704,2014,Viet Nam,WPR,37335,12594,2406.787414,109.9889797,100349,2249.364557,2174.82619,3875,9892.835599,8266.792416,1232.319081,18118,2248.469697,39,Uruguay,2021,0-14,a,31,0,1,2,91,,,
VNM,VN,704,2020,Viet Nam,WPR,71506,28295,2747,103.3143907,99852,2298,2174.82619,2444.735223,9892.835599,8266.792416,1232.319081,19695,2248.469697,39,Vanuatu,2020,0-14,a,8,195.5988701,1488.10452,1404.882022,100,,,
VUT,VU,548,2014,Vanuatu,WPR,63,49,2406.787414,41.49269988,112,2249.364557,2174.82619,0,9892.835599,8266.792416,1232.319081,51,2248.469697,39,Vanuatu,2021,0-14,a,2,195.5988701,1488.10452,1404.882022,50,,,
VUT,VU,548,2020,Vanuatu,WPR,45,38,0,26.6294496,83,0,2174.82619,2444.735223,9892.835599,8266.792416,1232.319081,30,2248.469697,39,Venezuela (Bolivarian Republic of),2019,0-14,a,474,0,11,68,84,,,
WLF,WF,876,2014,Wallis and Futuna Islands,WPR,0,0,2406.787414,0,0,2249.364557,2174.82619,2444.735223,9892.835599,8266.792416,1232.319081,0,2248.469697,39,Venezuela (Bolivarian Republic of),2020,0-14,a,325,0,3,33,90,,,
WLF,WF,876,2020,Wallis and Futuna Islands,WPR,0,0,0,0,0,0,2174.82619,2444.735223,9892.835599,8266.792416,1232.319081,0,2248.469697,39,Venezuela (Bolivarian Republic of),2021,0-14,a,319,0,5,35,85,,,
WSM,WS,882,2014,Samoa,WPR,13,10,2406.787414,11.3998523,23,2249.364557,2174.82619,0,9892.835599,8266.792416,1232.319081,3,2248.469697,39,Viet Nam,2019,0-14,a,1220,195.5988701,1488.10452,1404.882022,72,,,
WSM,WS,882,2020,Samoa,WPR,18602.28805,11396.87288,0,6.048509043,13,0,2174.82619,2444.735223,9892.835599,8266.792416,1232.319081,1,2248.469697,39,Viet Nam,2020,0-14,a,987,195.5988701,1488.10452,1404.882022,71,,,
YEM,YE,887,2014,Yemen,EMR,4737,4891,2406.787414,34.69136504,9628,2249.364557,2174.82619,22,9892.835599,8266.792416,1232.319081,3390,2248.469697,39,Viet Nam,2021,0-14,a,582,195.5988701,1488.10452,1404.882022,71,,,
YEM,YE,887,2020,Yemen,EMR,4774,4078,25,27.44389597,8860,0,2174.82619,2444.735223,9892.835599,8266.792416,1232.319081,3541,2248.469697,39,Wallis and Futuna,2019,0-14,a,0,195.5988701,1488.10452,1404.882022,84.00550459,,,
ZAF,ZA,710,2014,South Africa,AFR,173998,132168,2406.787414,559.4162466,306166,2249.364557,2174.82619,179756,9892.835599,8266.792416,1232.319081,33522,2248.469697,39,Zambia,2019,0-14,a,2214,195.5988701,1488.10452,1404.882022,90,,,
ZAF,ZA,710,2020,South Africa,AFR,112918,78156,89767,324.9451332,191074,79902,2174.82619,2444.735223,9892.835599,8266.792416,1232.319081,23200,2248.469697,39,Zambia,2020,0-14,a,2488,195.5988701,1488.10452,1404.882022,91,,,
ZMB,ZM,894,2014,Zambia,AFR,21904,14318,2406.787414,241.0185469,37931,2249.364557,2174.82619,24198,9892.835599,8266.792416,1232.319081,8584,2248.469697,39,Zambia,2021,0-14,a,3631,195.5988701,1488.10452,1404.882022,93,,,
ZMB,ZM,894,2020,Zambia,AFR,26047,13953,14925,211.3303164,40000,14673,2174.82619,2444.735223,9892.835599,8266.792416,1232.319081,2848,2248.469697,39,Zimbabwe,2019,0-14,a,1102,195.5988701,1488.10452,1404.882022,94,,,
ZWE,ZW,716,2014,Zimbabwe,AFR,16890,12763,2406.787414,214.0121869,29653,2249.364557,2174.82619,19290,9892.835599,8266.792416,1232.319081,3909,2248.469697,39,Zimbabwe,2020,0-14,a,803,195.5988701,1488.10452,1404.882022,91,,,
ZWE,ZW,716,2020,Zimbabwe,AFR,10090,5638,8397,100.3722734,15728,7844,2174.82619,2444.735223,9892.835599,8266.792416,1232.319081,1140,2248.469697,39,Zimbabwe,2021,0-14,a,831,195.5988701,1488.10452,1404.882022,90,,,
,,,,,,,,,,,,,,,,,,,,,,,,,,,,,,,
,,,,,,,,,,,,,,,,,,,,,,,,,,,,,,,
,,,,,,,,,,,,,,,,,,,,,,,,,,,,,,,
,,,,,,,,,,,,,,,,,,,,,,,,,,,,,,,
,,,,,,,,,,,,,,,,,,,,,,,,,,,,,,,
,,,,,,,,,,,,,,,,,,,,,,,,,,,,,,,
,,,,,,,,,,,,,,,,,,,,,,,,,,,,,,,
,,,,,,,,,,,,,,,,,,,,,,,,,,,,,,,
,,,,,,,,,,,,,,,,,,,,,,,,,,,,,,,
,,,,,,,,,,,,,,,,,,,,,,,,,,,,,,,
,,,,,,,,,,,,,,,,,,,,,,,,,,,,,,,
,,,,,,,,,,,,,,,,,,,,,,,,,,,,,,,
,,,,,,,,,,,,,,,,,,,,,,,,,,,,,,,
,,,,,,,,,,,,,,,,,,,,,,,,,,,,,,,
,,,,,,,,,,,,,,,,,,,,,,,,,,,,,,,
,,,,,,,,,,,,,,,,,,,,,,,,,,,,,,,
,,,,,,,,,,,,,,,,,,,,,,,,,,,,,,,
,,,,,,,,,,,,,,,,,,,,,,,,,,,,,,,
,,,,,,,,,,,,,,,,,,,,,,,,,,,,,,,
,,,,,,,,,,,,,,,,,,,,,,,,,,,,,,,
,,,,,,,,,,,,,,,,,,,,,,,,,,,,,,,
,,,,,,,,,,,,,,,,,,,,,,,,,,,,,,,
,,,,,,,,,,,,,,,,,,,,,,,,,,,,,,,
,,,,,,,,,,,,,,,,,,,,,,,,,,,,,,,
,,,,,,,,,,,,,,,,,,,,,,,,,,,,,,,
,,,,,,,,,,,,,,,,,,,,,,,,,,,,,,,
,,,,,,,,,,,,,,,,,,,,,,,,,,,,,,,
,,,,,,,,,,,,,,,,,,,,,,,,,,,,,,,
,,,,,,,,,,,,,,,,,,,,,,,,,,,,,,,
,,,,,,,,,,,,,,,,,,,,,,,,,,,,,,,
,,,,,,,,,,,,,,,,,,,,,,,,,,,,,,,
,,,,,,,,,,,,,,,,,,,,,,,,,,,,,,,
,,,,,,,,,,,,,,,,,,,,,,,,,,,,,,,
,,,,,,,,,,,,,,,,,,,,,,,,,,,,,,,
,,,,,,,,,,,,,,,,,,,,,,,,,,,,,,,
,,,,,,,,,,,,,,,,,,,,,,,,,,,,,,,
,,,,,,,,,,,,,,,,,,,,,,,,,,,,,,,
,,,,,,,,,,,,,,,,,,,,,,,,,,,,,,,
,,,,,,,,,,,,,,,,,,,,,,,,,,,,,,,
,,,,,,,,,,,,,,,,,,,,,,,,,,,,,,,
,,,,,,,,,,,,,,,,,,,,,,,,,,,,,,,
,,,,,,,,,,,,,,,,,,,,,,,,,,,,,,,
,,,,,,,,,,,,,,,,,,,,,,,,,,,,,,,
,,,,,,,,,,,,,,,,,,,,,,,,,,,,,,,
,,,,,,,,,,,,,,,,,,,,,,,,,,,,,,,
,,,,,,,,,,,,,,,,,,,,,,,,,,,,,,,
,,,,,,,,,,,,,,,,,,,,,,,,,,,,,,,
,,,,,,,,,,,,,,,,,,,,,,,,,,,,,,,
,,,,,,,,,,,,,,,,,,,,,,,,,,,,,,,
,,,,,,,,,,,,,,,,,,,,,,,,,,,,,,,
,,,,,,,,,,,,,,,,,,,,,,,,,,,,,,,
,,,,,,,,,,,,,,,,,,,,,,,,,,,,,,,
,,,,,,,,,,,,,,,,,,,,,,,,,,,,,,,
,,,,,,,,,,,,,,,,,,,,,,,,,,,,,,,
,,,,,,,,,,,,,,,,,,,,,,,,,,,,,,,
,,,,,,,,,,,,,,,,,,,,,,,,,,,,,,,
,,,,,,,,,,,,,,,,,,,,,,,,,,,,,,,
,,,,,,,,,,,,,,,,,,,,,,,,,,,,,,,
,,,,,,,,,,,,,,,,,,,,,,,,,,,,,,,
,,,,,,,,,,,,,,,,,,,,,,,,,,,,,,,
,,,,,,,,,,,,,,,,,,,,,,,,,,,,,,,
,,,,,,,,,,,,,,,,,,,,,,,,,,,,,,,
,,,,,,,,,,,,,,,,,,,,,,,,,,,,,,,
,,,,,,,,,,,,,,,,,,,,,,,,,,,,,,,
,,,,,,,,,,,,,,,,,,,,,,,,,,,,,,,
,,,,,,,,,,,,,,,,,,,,,,,,,,,,,,,
,,,,,,,,,,,,,,,,,,,,,,,,,,,,,,,
,,,,,,,,,,,,,,,,,,,,,,,,,,,,,,,
,,,,,,,,,,,,,,,,,,,,,,,,,,,,,,,
,,,,,,,,,,,,,,,,,,,,,,,,,,,,,,,
,,,,,,,,,,,,,,,,,,,,,,,,,,,,,,,
,,,,,,,,,,,,,,,,,,,,,,,,,,,,,,,
,,,,,,,,,,,,,,,,,,,,,,,,,,,,,,,
,,,,,,,,,,,,,,,,,,,,,,,,,,,,,,,
,,,,,,,,,,,,,,,,,,,,,,,,,,,,,,,
,,,,,,,,,,,,,,,,,,,,,,,,,,,,,,,
,,,,,,,,,,,,,,,,,,,,,,,,,,,,,,,
,,,,,,,,,,,,,,,,,,,,,,,,,,,,,,,
,,,,,,,,,,,,,,,,,,,,,,,,,,,,,,,
,,,,,,,,,,,,,,,,,,,,,,,,,,,,,,,
,,,,,,,,,,,,,,,,,,,,,,,,,,,,,,,
,,,,,,,,,,,,,,,,,,,,,,,,,,,,,,,
,,,,,,,,,,,,,,,,,,,,,,,,,,,,,,,
,,,,,,,,,,,,,,,,,,,,,,,,,,,,,,,
,,,,,,,,,,,,,,,,,,,,,,,,,,,,,,,
,,,,,,,,,,,,,,,,,,,,,,,,,,,,,,,
,,,,,,,,,,,,,,,,,,,,,,,,,,,,,,,
,,,,,,,,,,,,,,,,,,,,,,,,,,,,,,,
,,,,,,,,,,,,,,,,,,,,,,,,,,,,,,,
,,,,,,,,,,,,,,,,,,,,,,,,,,,,,,,
,,,,,,,,,,,,,,,,,,,,,,,,,,,,,,,
,,,,,,,,,,,,,,,,,,,,,,,,,,,,,,,
,,,,,,,,,,,,,,,,,,,,,,,,,,,,,,,
,,,,,,,,,,,,,,,,,,,,,,,,,,,,,,,
,,,,,,,,,,,,,,,,,,,,,,,,,,,,,,,
,,,,,,,,,,,,,,,,,,,,,,,,,,,,,,,
,,,,,,,,,,,,,,,,,,,,,,,,,,,,,,,
,,,,,,,,,,,,,,,,,,,,,,,,,,,,,,,
,,,,,,,,,,,,,,,,,,,,,,,,,,,,,,,
,,,,,,,,,,,,,,,,,,,,,,,,,,,,,,,
,,,,,,,,,,,,,,,,,,,,,,,,,,,,,,,
,,,,,,,,,,,,,,,,,,,,,,,,,,,,,,,
,,,,,,,,,,,,,,,,,,,,,,,,,,,,,,,
,,,,,,,,,,,,,,,,,,,,,,,,,,,,,,,
,,,,,,,,,,,,,,,,,,,,,,,,,,,,,,,
,,,,,,,,,,,,,,,,,,,,,,,,,,,,,,,
,,,,,,,,,,,,,,,,,,,,,,,,,,,,,,,
,,,,,,,,,,,,,,,,,,,,,,,,,,,,,,,
,,,,,,,,,,,,,,,,,,,,,,,,,,,,,,,
,,,,,,,,,,,,,,,,,,,,,,,,,,,,,,,
,,,,,,,,,,,,,,,,,,,,,,,,,,,,,,,
,,,,,,,,,,,,,,,,,,,,,,,,,,,,,,,
,,,,,,,,,,,,,,,,,,,,,,,,,,,,,,,
,,,,,,,,,,,,,,,,,,,,,,,,,,,,,,,
,,,,,,,,,,,,,,,,,,,,,,,,,,,,,,,
,,,,,,,,,,,,,,,,,,,,,,,,,,,,,,,
,,,,,,,,,,,,,,,,,,,,,,,,,,,,,,,
,,,,,,,,,,,,,,,,,,,,,,,,,,,,,,,
,,,,,,,,,,,,,,,,,,,,,,,,,,,,,,,
,,,,,,,,,,,,,,,,,,,,,,,,,,,,,,,
,,,,,,,,,,,,,,,,,,,,,,,,,,,,,,,
,,,,,,,,,,,,,,,,,,,,,,,,,,,,,,,
,,,,,,,,,,,,,,,,,,,,,,,,,,,,,,,
,,,,,,,,,,,,,,,,,,,,,,,,,,,,,,,
,,,,,,,,,,,,,,,,,,,,,,,,,,,,,,,
,,,,,,,,,,,,,,,,,,,,,,,,,,,,,,,
,,,,,,,,,,,,,,,,,,,,,,,,,,,,,,,
,,,,,,,,,,,,,,,,,,,,,,,,,,,,,,,
,,,,,,,,,,,,,,,,,,,,,,,,,,,,,,,
,,,,,,,,,,,,,,,,,,,,,,,,,,,,,,,
,,,,,,,,,,,,,,,,,,,,,,,,,,,,,,,
,,,,,,,,,,,,,,,,,,,,,,,,,,,,,,,
